Date,Time,pb_ratio,current_share_value,total_holdings_gbp,market_cap,usd_to_gbp_exchange_rate, nav_per_share_gbp
"2024-01-16","12:39:18","0.6748909809918885","0.85","223390290.05606467","150764092.0","0.786"
"2024-01-16","12:40:23","0.6760770780878369","0.85","222998378.2713197","150764092.0","0.786"
"2024-01-16","12:41:39","0.6760770780878369","0.85","222998378.2713197","150764092.0","0.786"
"2024-01-16","02:49:49","0.6679729997214833","0.85","225703871.35836673","150764092.0","0.786"
"2024-01-16","02:53:15","0.6675856234673413","0.85","225834839.30788314","150764092.0","0.786"
"2024-01-16","02:54:59","0.6672417491605601","0.85","225951227.10722533","150764092.0","0.786"
"2024-01-16","03:17:24","0.6635057300241818","0.85","227223496.61472452","150764092.0","0.786"
"2024-01-16","03:23:06","0.6634255627754518","0.85","227250953.92658058","150764092.0","0.786"
"2024-01-16","03:33:23","0.6634276203166131","0.85","227250249.1350143","150764092.0","0.786"
"2024-01-16","03:47:52","0.664882998062345","0.85","226752815.81777352","150764092.0","0.786"
"2024-01-16","04:11:35","0.6652750333428459","0.85","226619194.2337697","150764092.0","0.786"
"2024-01-16","04:28:13","0.6664877958231572","0.85","226206830.709925","150764092.0","0.786"
"2024-01-16","04:37:23","0.669808656960532","0.85","225085314.19127905","150764092.0","0.786"
"2024-01-16","04:47:50","0.6703146552463488","0.85","224915404.75807193","150764092.0","0.786"
"2024-01-16","05:08:52","0.66908596499846","0.85","225328432.94709823","150764092.0","0.786"
"2024-01-16","05:26:59","0.6680845730023374","0.85","225666177.74524266","150764092.0","0.786"
"2024-01-16","05:28:25","0.6680845730023374","0.85","225666177.74524266","150764092.0","0.786"
"2024-01-16","06:21:58","0.6771346596621038","0.85","222650088.6474082","150764092.0","0.786"
"2024-01-16","07:15:33","0.6759693453384772","0.85","223033918.68237472","150764092.0","0.786"
"2024-01-16","08:21:10","0.6764066792891016","0.85","222889715.04310387","150764092.0","0.786"
"2024-01-16","09:16:39","0.6691158219252877","0.85","225318378.46278584","150764092.0","0.786"
"2024-01-16","10:17:57","0.661055941891186","0.845","226723995.50819063","149877244.4","0.786"
"2024-01-16","11:14:00","0.6601492392270183","0.845","227035396.68620116","149877244.4","0.786"
"2024-01-16","12:32:07","0.6503515742261307","0.835","227728439.6154988","148103549.2","0.786"
"2024-01-16","13:19:57","0.6520601321163744","0.835","227131735.1044055","148103549.2","0.786"
"2024-01-16","14:15:37","0.6603795653309793","0.835","224270339.32488683","148103549.2","0.786"
"2024-01-16","15:17:15","0.6573455499976255","0.835","225305471.68157598","148103549.2","0.786"
"2024-01-16","16:21:40","0.6556026189414609","0.835","225904450.22798824","148103549.2","0.786"
"2024-01-16","17:14:49","0.6577520591694067","0.835","225166226.59763554","148103549.2","0.786"
"2024-01-16","18:20:45","0.6563352429437799","0.835","225652287.9005085","148103549.2","0.786"
"2024-01-16","19:13:26","0.6585051328722543","0.835","224908724.02771553","148103549.2","0.786"
"2024-01-16","20:17:51","0.6577922583479925","0.835","225152466.17823318","148103549.2","0.786"
"2024-01-16","21:14:46","0.6586880891461813","0.835","224846253.69798008","148103549.2","0.786"
"2024-01-16","21:52:00","0.6538165945647174","0.835","226521551.1983156","148103549.2","0.786"
"2024-01-16","21:52:18","0.6538165945647174","0.835","226521551.1983156","148103549.2","0.786","1.2771165598143108"
"2024-01-16","22:15:53","0.6521421529541886","0.835","227103168.4259243","148103549.2","0.786","1.2803956870713993"
"2024-01-16","23:16:34","0.6537986219742528","0.835","226527778.1601572","148103549.2","0.786","1.2771516670967886"
"2024-01-17","01:14:23","0.649523546442443","0.835","228018753.1478877","148103549.2","0.791","1.285557705449548"
"2024-01-17","02:30:18","0.6528085428784368","0.835","226871340.48057207","148103549.2","0.791","1.2790886533411834"
"2024-01-17","03:18:35","0.6527275212018904","0.835","226899501.53670812","148103549.2","0.791","1.2792474238905767"
"2024-01-17","04:20:39","0.6536005117163887","0.835","226596440.09621784","148103549.2","0.791","1.2775387794713424"
"2024-01-17","05:15:39","0.6599746931466913","0.835","224407921.60356563","148103549.2","0.791","1.2652000276234927"
"2024-01-17","06:21:49","0.662290922669262","0.835","223623099.95597002","148103549.2","0.791","1.2607752445627074"
"2024-01-17","07:16:06","0.6611337863450805","0.835","224014491.86064887","148103549.2","0.791","1.262981891480841"
"2024-01-17","08:21:22","0.6610726322060787","0.825","221352158.40304825","146329854.0","0.791","1.247971795847721"
"2024-01-17","09:17:02","0.6605021269331166","0.825","221543350.1773077","146329854.0","0.791","1.2490497249883052"
"2024-01-17","10:18:10","0.6634835728580805","0.825","220547817.58899707","146329854.0","0.791","1.243436964755822"
"2024-01-17","11:14:08","0.65971832716862","0.825","221806561.94291076","146329854.0","0.791","1.2505336990420381"
"2024-01-17","12:32:05","0.6613368438764643","0.825","221263725.67159432","146329854.0","0.791","1.2474732167713727"
"2024-01-17","13:19:47","0.6607438886717459","0.825","221462288.95761436","146329854.0","0.791","1.2485927061065192"
"2024-01-17","14:15:59","0.6646625931827302","0.82","218822313.5945527","145443006.4","0.791","1.2337086642313329"
"2024-01-17","15:17:04","0.6588050530221723","0.815","219421751.7562588","144556158.79999998","0.791","1.2370882649750576"
"2024-01-17","16:21:52","0.6665111009182768","0.815","216884847.98053575","144556158.79999998","0.791","1.2227853352737028"
"2024-01-17","17:14:55","0.6560901255050146","0.805","217626295.61006662","142782463.6","0.791","1.2269655779080115"
"2024-01-17","18:21:11","21.593392396801004","0.805","6612322","142782463.6","0.791","0.03727992272854998"
"2024-01-17","19:13:40","0.6504128702900733","0.805","219525889.05001432","142782463.6","0.791","1.2376753855454665"
"2024-01-17","20:17:32","0.6487799311864887","0.805","220078422.18374333","142782463.6","0.791","1.2407905382150402"
"2024-01-17","21:14:50","0.6501547645436089","0.805","219613038.90502048","142782463.6","0.791","1.238166731832056"
"2024-01-17","22:16:00","0.6524703027144222","0.805","218833658.79794538","142782463.6","0.791","1.2337726278897603"
"2024-01-17","23:17:41","0.6526385296470939","0.805","218777251.2867235","142782463.6","0.791","1.233454605316198"
"2024-01-18","01:13:46","0.6325031074238681","0.805","225741916.40186712","142782463.6","0.789","1.2727210199467593"
"2024-01-18","02:30:12","0.6638337264183548","0.805","215087691.266257","142782463.6","0.789","1.2126530604934658"
"2024-01-18","03:17:43","0.6626793951544812","0.805","215462355.76966316","142782463.6","0.789","1.2147653992053604"
"2024-01-18","04:19:55","0.6548443961602504","0.805","218040292.3766625","142782463.6","0.789","1.2292996698455434"
"2024-01-18","05:16:15","0.6548925835977224","0.805","218024248.82506576","142782463.6","0.789","1.2292092171477138"
"2024-01-18","06:22:09","0.6515785248820604","0.805","219133163.76693738","142782463.6","0.789","1.2354612211102414"
"2024-01-18","07:16:04","0.6516578505734965","0.805","219106488.8949672","142782463.6","0.789","1.2353108295887998"
"2024-01-18","08:20:32","0.6535368380332531","0.805","218476534.58937076","142782463.6","0.789","1.2317591804351207"
"2024-01-18","09:16:41","0.6572026847954539","0.805","217257882.39048246","142782463.6","0.789","1.2248884836046376"
"2024-01-18","10:18:37","0.6636137963685148","0.805","215158974.0619418","142782463.6","0.789","1.213054949136367"
"2024-01-18","11:14:41","0.6702115995857736","0.805","213040871.99960005","142782463.6","0.789","1.2011132014091264"
"2024-01-18","12:31:46","0.6775972543348755","0.805","210718775.3293868","142782463.6","0.789","1.188021342840567"
"2024-01-18","13:20:15","0.6816939385499482","0.805","209452447.09629795","142782463.6","0.789","1.1808818510435048"
"2024-01-18","14:15:21","0.6617285959337286","0.795","213091544.27734888","141008768.4","0.789","1.2013988890388205"
"2024-01-18","15:17:24","0.6555389928479716","0.79","213750703.3582306","140121920.8","0.789","1.2051151931754147"
"2024-01-18","16:21:16","0.6589466927879868","0.785","211299449.14193276","139235073.20000002","0.789","1.1912951511732837"
"2024-01-18","17:15:28","0.6705938445986112","0.785","207629512.7393246","139235073.20000002","0.789","1.1706042432731656"
"2024-01-18","18:21:02","0.6693802619980594","0.785","208005943.86274818","139235073.20000002","0.789","1.1727265420955537"
"2024-01-18","19:13:18","0.6701207782192949","0.785","207776087.1256491","139235073.20000002","0.789","1.1714306219335153"
"2024-01-18","20:17:49","0.6743664435825072","0.785","206467973.79230055","139235073.20000002","0.789","1.1640555479447683"
"2024-01-18","21:15:03","0.6740901284716212","0.785","206552606.71995097","139235073.20000002","0.789","1.164532703927659"
"2024-01-18","22:15:37","0.675434227638056","0.785","206141571.60334447","139235073.20000002","0.789","1.1622153096165817"
"2024-01-18","23:17:28","0.675151211837371","0.785","206227983.8335514","139235073.20000002","0.789","1.1627024972134525"
"2024-01-19","01:14:28","0.6706887357565567","0.785","207600136.66091877","139235073.20000002","0.788","1.1704386224922905"
"2024-01-19","02:31:21","0.6797685195060938","0.785","204827186.3209632","139235073.20000002","0.788","1.1548048747099458"
"2024-01-19","03:17:52","0.6863220926757916","0.785","202871326.28524113","139235073.20000002","0.788","1.1437778389727904"
"2024-01-19","04:20:31","0.6859164662233513","0.785","202991297.12780744","139235073.20000002","0.788","1.1444542282563963"
"2024-01-19","05:15:44","0.6730726265205025","0.785","206864857.83827782","139235073.20000002","0.788","1.166293159265909"
"2024-01-19","06:21:48","0.674216953575559","0.785","206513752.6750075","139235073.20000002","0.788","1.1643136468712747"
"2024-01-19","07:15:34","0.6718100204046569","0.785","207253641.61155766","139235073.20000002","0.788","1.1684851016767575"
"2024-01-19","08:21:03","0.6733252267469899","0.785","206787251.7901654","139235073.20000002","0.788","1.165855620459284"
"2024-01-19","09:16:36","0.6603363712551186","0.785","210854769.26759654","139235073.20000002","0.788","1.1887880694924164"
"2024-01-19","10:18:16","0.6489241677117557","0.775","211829647.9613604","137461378.0","0.788","1.1942843841566488"
"2024-01-19","11:14:39","0.6326232444303377","0.765","214484187.85525903","135687682.8","0.788","1.2092505400886187"
"2024-01-19","12:31:23","0.6354448897009323","0.765","213531786.9404229","135687682.8","0.788","1.2038809539565924"
"2024-01-19","13:19:52","0.63867937911931","0.765","212450389.4068146","135687682.8","0.788","1.1977840916906952"
"2024-01-19","14:15:28","0.6399861439478891","0.765","212016594.55153513","135687682.8","0.788","1.1953383791732375"
"2024-01-19","15:17:47","0.6523359744158452","0.765","208002759.50058678","135687682.8","0.788","1.1727085888296185"
"2024-01-19","16:21:23","0.6643012127345198","0.765","204256262.3684777","135687682.8","0.788","1.1515860355740812"
"2024-01-19","17:14:59","0.6672443864837913","0.765","203355300.61937228","135687682.8","0.788","1.1465064607457487"
"2024-01-19","18:21:12","0.6563823982107663","0.765","206720477.5293659","135687682.8","0.788","1.1654791506983042"
"2024-01-19","19:13:04","0.6467202527545715","0.765","209808927.77374193","135687682.8","0.788","1.182891670303567"
"2024-01-19","20:17:32","0.6333184821626165","0.765","214248733.649241","135687682.8","0.788","1.2079230616920031"
"2024-01-19","21:14:13","0.6407069145430636","0.765","211778084.0507537","135687682.8","0.788","1.193993669547923"
"2024-01-19","22:15:27","0.6409143979335755","0.765","211709525.07461485","135687682.8","0.788","1.1936071376559787"
"2024-01-19","23:14:43","0.6436692866010406","0.765","210803413.53012544","135687682.8","0.788","1.1884985285528509"
"2024-01-20","01:13:07","0.6552646799455119","0.765","207073091.15346038","135687682.8","0.788","1.1674671677155148"
"2024-01-20","02:28:09","0.6535148795692134","0.765","207627533.88177353","135687682.8","0.788","1.1705930865786496"
"2024-01-20","03:17:15","0.6560151976791083","0.765","206836188.06400278","135687682.8","0.788","1.1661315205904756"
"2024-01-20","04:19:48","0.6582203894001255","0.765","206143238.6250752","135687682.8","0.788","1.1622247081971875"
"2024-01-20","05:14:54","0.6594764686831969","0.765","205750605.5840522","135687682.8","0.788","1.160011063817798"
"2024-01-20","06:20:13","0.6570406914192799","0.765","206513362.9804567","135687682.8","0.788","1.1643114497939484"
"2024-01-20","07:14:18","0.6541171743407966","0.765","207436355.62962055","135687682.8","0.788","1.1695152336749886"
"2024-01-20","08:19:40","0.6555260829371533","0.765","206990516.97842002","135687682.8","0.788","1.1670016188712695"
"2024-01-20","09:15:05","0.6599236832339442","0.765","205611173.30274457","135687682.8","0.788","1.159224951968887"
"2024-01-20","10:16:13","0.6648327520659509","0.765","204092957.78277162","135687682.8","0.788","1.1506653329319019"
"2024-01-20","11:12:58","0.6622516967540413","0.765","204888388.30471748","135687682.8","0.788","1.155149928266804"
"2024-01-20","12:28:58","0.6599909430624872","0.765","205590219.42086446","135687682.8","0.788","1.1591068150878712"
"2024-01-20","13:17:22","0.6600774942184262","0.765","205563261.8722486","135687682.8","0.788","1.1589548298504082"
"2024-01-20","14:13:56","0.6600290491191837","0.765","205578349.8939581","135687682.8","0.788","1.1590398953211245"
"2024-01-20","15:15:13","0.6625365917756227","0.765","204800284.971962","135687682.8","0.788","1.1546532063229467"
"2024-01-20","16:20:12","0.6618756519968834","0.765","205004795.6751836","135687682.8","0.788","1.1558062268826323"
"2024-01-20","17:14:04","0.6588274341687126","0.765","205953297.87868714","135687682.8","0.788","1.1611538322857677"
"2024-01-20","18:19:21","0.6578241244281963","0.765","206267416.71711186","135687682.8","0.788","1.1629248177314335"
"2024-01-20","19:12:52","0.6557094014141177","0.765","206932648.07149765","135687682.8","0.788","1.1666753570258162"
"2024-01-20","20:16:43","0.654983575600939","0.765","207161962.30647206","135687682.8","0.788","1.167968218589485"
"2024-01-20","21:14:03","0.6504416952727443","0.765","208608525.23161697","135687682.8","0.788","1.1761238640755016"
"2024-01-20","22:15:08","0.6509278099705387","0.765","208452735.8051291","135687682.8","0.788","1.1752455315046753"
"2024-01-20","23:17:36","0.6537643004963315","0.765","207548320.8504766","135687682.8","0.788","1.1701464876855763"
"2024-01-21","01:19:25","0.653166730045666","0.765","207738203.0626597","135687682.8","0.788","1.1712170335842353"
"2024-01-21","02:33:38","0.6536569211392502","0.765","207582415.80845144","135687682.8","0.788","1.1703387132606067"
"2024-01-21","03:17:06","0.6478987010789298","0.765","209427311.05038896","135687682.8","0.788","1.1807401353422446"
"2024-01-21","04:19:22","0.6515366502378757","0.765","208257943.35661778","135687682.8","0.788","1.174147301952544"
"2024-01-21","05:37:27","0.6552304304146441","0.765","207083915.06501594","135687682.8","0.788","1.1675281923580554"
"2024-01-21","06:20:58","0.6560911876023241","0.765","206812231.84214485","135687682.8","0.788","1.165996456674996"
"2024-01-21","07:14:37","0.6575252542981918","0.765","206361173.06981003","135687682.8","0.788","1.1634534111036103"
"2024-01-21","08:19:52","0.6521792688341026","0.765","208052738.3867447","135687682.8","0.788","1.17299036715409"
"2024-01-21","09:15:22","0.654729928208749","0.765","207242218.43840685","135687682.8","0.788","1.1684206984289458"
"2024-01-21","10:16:52","0.6536877334135042","0.765","207572631.18805972","135687682.8","0.788","1.1702835480868399"
"2024-01-21","11:13:04","0.6495324535397313","0.765","208900543.86127776","135687682.8","0.788","1.1777702497096332"
"2024-01-21","12:29:20","0.650031291211782","0.765","208740232.40796965","135687682.8","0.788","1.1768664221900678"
"2024-01-21","13:18:51","0.650095233819215","0.765","208719700.9626645","135687682.8","0.788","1.1767506669841836"
"2024-01-21","14:14:07","0.6473282215553396","0.765","209611875.83322468","135687682.8","0.788","1.1817807018546629"
"2024-01-21","15:15:27","0.6517550305822212","0.765","208188163.39444044","135687682.8","0.788","1.1737538862057046"
"2024-01-21","16:20:05","0.6579711707425865","0.765","206221319.1603256","135687682.8","0.788","1.1626649221372736"
"2024-01-21","17:14:17","0.6560106104250012","0.765","206837634.39755002","135687682.8","0.788","1.166139674942741"
"2024-01-21","18:20:15","0.6577944843714674","0.765","206276711.07587904","135687682.8","0.788","1.1629772188360155"
"2024-01-21","19:12:40","0.6579949147397298","0.765","206213877.58546937","135687682.8","0.788","1.1626229669306731"
"2024-01-21","20:17:10","0.6567232693099493","0.765","206613179.61608636","135687682.8","0.788","1.1648742107216976"
"2024-01-21","21:15:03","0.6610835450064483","0.765","205250431.3939269","135687682.8","0.788","1.1571911081110604"
"2024-01-21","22:14:56","0.6596209076101853","0.765","205705551.83218518","135687682.8","0.788","1.1597570531407266"
"2024-01-21","23:16:39","0.6654300296897717","0.765","203909767.73810253","135687682.8","0.788","1.1496325171207686"
"2024-01-22","01:17:15","0.6661096830542982","0.765","203701711.9730706","135687682.8","0.788","1.1484595096895487"
"2024-01-22","02:34:29","0.6715425776391899","0.765","202053730.19981918","135687682.8","0.788","1.1391682753599333"
"2024-01-22","03:18:09","0.6746229959866705","0.765","201131125.9877079","135687682.8","0.788","1.1339666814665108"
"2024-01-22","04:21:03","0.6719500078781274","0.765","201931216.91965196","135687682.8","0.788","1.1384775519472115"
"2024-01-22","05:16:31","0.6699978417211307","0.765","202519581.9309467","135687682.8","0.788","1.1417947228528706"
"2024-01-22","06:23:09","0.6682411971637264","0.765","203051956.9519373","135687682.8","0.788","1.1447962251458834"
"2024-01-22","07:16:01","0.6654598824244664","0.765","203900620.28329912","135687682.8","0.788","1.1495809442529874"
"2024-01-22","08:22:22","0.6728634235082902","0.765","201657094.23247942","135687682.8","0.788","1.1369320626930683"
"2024-01-22","09:17:57","0.680386873044856","0.765","199427249.66572732","135687682.8","0.788","1.1243603166188154"
"2024-01-22","10:18:31","0.6946449387842775","0.765","195333868.02971858","135687682.8","0.788","1.101282046823595"
"2024-01-22","11:14:33","0.6902147697722162","0.765","196587625.68175623","135687682.8","0.788","1.1083506663476128"
"2024-01-22","12:33:06","0.6990153721668184","0.765","194112587.79530594","135687682.8","0.788","1.094396533267418"
"2024-01-22","13:21:20","0.6884751046300281","0.765","197084370.7891452","135687682.8","0.788","1.111151289066719"
"2024-01-22","14:16:37","0.6907237844614471","0.765","196442754.4735481","135687682.8","0.788","1.1075338901156642"
"2024-01-22","15:18:04","0.6740312977508908","0.73","192097533.20364845","129479749.6","0.788","1.0830357617455832"
"2024-01-22","16:21:16","0.6636660843508401","0.73","195097734.6185313","129479749.6","0.788","1.099950739104054"
"2024-01-22","17:15:09","0.6643028435664615","0.73","194910726.11530367","129479749.6","0.788","1.0988963950249382"
"2024-01-22","18:21:18","0.6646550940848582","0.73","194807428.32231867","129479749.6","0.788","1.0983140075156017"
"2024-01-22","19:13:38","0.6677272330187298","0.73","193911140.9529227","129479749.6","0.788","1.093260786593563"
"2024-01-22","20:17:50","0.6725648757321384","0.73","192516371.68689692","129479749.6","0.788","1.0853971510262694"
"2024-01-22","21:14:43","0.6747655706566572","0.73","191888494.6574779","129479749.6","0.788","1.0818572134461315"
"2024-01-22","22:14:13","0.674317472814091","0.73","192016008.51250297","129479749.6","0.788","1.0825761298361916"
"2024-01-22","23:16:47","0.6828633384077021","0.73","189612975.7118318","129479749.6","0.788","1.0690279576323587"
"2024-01-23","01:15:23","0.6852948232721336","0.73","188940212.59603623","129479749.6","0.787","1.0652349546643427"
"2024-01-23","02:31:32","0.6816563727236551","0.73","189948711.37585822","129479749.6","0.787","1.0709208176007818"
"2024-01-23","03:17:43","0.6718142793921946","0.73","192731463.9949946","129479749.6","0.787","1.086609830116215"
"2024-01-23","04:20:23","0.6729177391483452","0.73","192415420.29174548","129479749.6","0.787","1.084827992384179"
"2024-01-23","05:16:01","0.6768733242392478","0.73","191290962.3754563","129479749.6","0.787","1.0784883579515596"
"2024-01-23","06:22:14","0.6769679508595181","0.73","191264223.71340466","129479749.6","0.787","1.0783376067850026"
"2024-01-23","07:16:14","0.6804104347137364","0.73","190296537.1988673","129479749.6","0.787","1.0728818412479624"
"2024-01-23","08:21:31","0.6930629717642968","0.725","185542883.17069843","128592902.0","0.787","1.046080990525872"
"2024-01-23","09:16:55","0.7003092238948915","0.72","182356664.8026433","127706054.39999999","0.787","1.0281172593952066"
"2024-01-23","10:17:53","0.6466036285860984","0.66","181044271.98464507","117063883.2","0.787","1.0207180578976875"
"2024-01-23","11:14:12","0.6461728107713803","0.655","179792516.27952528","116177035.60000001","0.787","1.0136607252448182"
"2024-01-23","12:32:05","0.6500437934913048","0.66","180086148.61356395","117063883.2","0.787","1.0153162088591319"
"2024-01-23","13:20:09","0.654186085173023","0.66","178945847.14231312","117063883.2","0.787","1.0088872492991643"
"2024-01-23","14:15:52","0.6777371029357894","0.67","175344654.85986385","118837578.4","0.787","0.9885839171232117"
"2024-01-23","15:17:23","0.6560812732126254","0.67","181132404.24938428","118837578.4","0.787","1.0212149429585438"
"2024-01-23","16:22:11","0.6600088661405628","0.675","181398208.63330975","119724426.00000001","0.787","1.022713534057654"
"2024-01-23","17:15:20","0.6506308898683776","0.68","185375879.74711686","120611273.60000001","0.787","1.0451394340308124"
"2024-01-23","18:21:08","0.6436463177553442","0.68","187387498.8062084","120611273.60000001","0.787","1.0564808362012166"
"2024-01-23","19:13:23","0.6563684562018595","0.68","183755438.6722497","120611273.60000001","0.787","1.036003472706301"
"2024-01-23","20:17:52","0.6497067102757179","0.68","185639568.88919288","120611273.60000001","0.787","1.0466260995079248"
"2024-01-23","21:14:41","0.6517304406938612","0.68","185063127.43592563","120611273.60000001","0.787","1.0433761529936239"
"2024-01-23","22:15:54","0.6449028185840624","0.68","187022401.08798417","120611273.60000001","0.787","1.0544224345196636"
"2024-01-23","23:16:54","0.6329786722282312","0.68","190545556.89123058","120611273.60000001","0.787","1.0742858011412026"
"2024-01-24","01:15:14","0.6162123433249389","0.68","195730051.34757534","120611273.60000001","0.788","1.1035157074765458"
"2024-01-24","02:31:20","0.6213181152832856","0.68","194121611.189476","120611273.60000001","0.788","1.094447406687891"
"2024-01-24","03:17:44","0.6260917043574752","0.68","192641545.5764216","120611273.60000001","0.788","1.0861028748142385"
"2024-01-24","04:20:57","0.6332820337062438","0.68","190454279.73714966","120611273.60000001","0.788","1.073771185360087"
"2024-01-24","05:16:27","0.6295708243158014","0.68","191576974.25238332","120611273.60000001","0.788","1.08010087783055"
"2024-01-24","06:22:27","0.6332687608495707","0.68","190458271.5215452","120611273.60000001","0.788","1.0737936908299983"
"2024-01-24","07:15:44","0.6194013224287811","0.68","194722337.89728135","120611273.60000001","0.788","1.0978342721865704"
"2024-01-24","08:21:22","0.6210462583074172","0.685","195634575.64518258","121498121.2","0.788","1.1029774205014626"
"2024-01-24","09:16:55","0.6306809265993558","0.7","196864466.26738182","124158663.99999999","0.788","1.1099114789699032"
"2024-01-24","10:18:20","0.6519432973616994","0.72","195885217.19113314","127706054.39999999","0.788","1.1043905243196979"
"2024-01-24","11:14:10","0.6460031132323266","0.72","197686438.012679","127706054.39999999","0.788","1.114545712322382"
"2024-01-24","12:32:34","0.6469648134428675","0.72","197392581.09015775","127706054.39999999","0.788","1.1128889624900475"
"2024-01-24","13:20:11","0.6561371411979361","0.72","194633174.04474604","127706054.39999999","0.788","1.0973315710881217"
"2024-01-24","14:16:13","0.6738535529542456","0.735","193464287.0523706","130366597.2","0.788","1.0907414478675401"
"2024-01-24","15:18:05","0.6883046474050181","0.755","194556274.03486237","133913987.6","0.788","1.096898012887797"
"2024-01-24","16:21:55","0.6878130854153105","0.755","194695318.30604964","133913987.6","0.788","1.0976819371561115"
"2024-01-24","17:15:23","0.6810024094746399","0.755","196642457.84872934","133913987.6","0.788","1.1086598072133778"
"2024-01-24","18:20:04","0.6916606712247132","0.755","193612262.73409545","133913987.6","0.788","1.0915757269574584"
"2024-01-24","19:13:59","0.6958119835991634","0.755","192457144.68341762","133913987.6","0.788","1.0850632323040488"
"2024-01-24","20:18:21","0.6944242501433969","0.755","192841749.94226813","133913987.6","0.788","1.0872316164709028"
"2024-01-24","21:14:59","0.6962290477946831","0.755","192341856.4970461","133913987.6","0.788","1.0844132435891247"
"2024-01-24","22:15:48","0.6934495894154485","0.755","193112793.84112749","133913987.6","0.788","1.0887597476788993"
"2024-01-24","23:16:46","0.6886234963950304","0.755","194466189.8715985","133913987.6","0.788","1.0963901231259943"
"2024-01-25","01:15:24","0.6825931938187044","0.755","196184182.3397485","133913987.6","0.786","1.1060760740613635"
"2024-01-25","02:32:10","0.6877806830792429","0.755","194704490.6822006","133913987.6","0.786","1.097733650529136"
"2024-01-25","03:17:37","0.6919386954094664","0.755","193534468.42679343","133913987.6","0.786","1.0911371267554506"
"2024-01-25","04:20:44","0.6946391510750436","0.755","192782090.37419045","133913987.6","0.786","1.0868952589722882"
"2024-01-25","05:16:15","0.7017578220023994","0.755","190826497.97602415","133913987.6","0.786","1.0758697321615582"
"2024-01-25","06:21:58","0.6985408842766079","0.755","191705296.8756125","133913987.6","0.786","1.0808243540130937"
"2024-01-25","07:15:49","0.694085361768189","0.755","192935905.25933704","133913987.6","0.786","1.087762459183162"
"2024-01-25","08:21:09","0.6956455714880817","0.755","192503184.22000378","133913987.6","0.786","1.0853228007833802"
"2024-01-25","09:16:46","0.6934436184834964","0.755","193114456.64877376","133913987.6","0.786","1.0887691225007192"
"2024-01-25","10:17:56","0.7084570499071697","0.765","191525629.98389158","135687682.8","0.786","1.0798114015524853"
"2024-01-25","11:14:25","0.7171701392084779","0.78","192908513.66551787","138348225.6","0.786","1.0876080268217327"
"2024-01-25","12:32:23","0.7223616322441013","0.78","191522112.22819927","138348225.6","0.786","1.0797915686314046"
"2024-01-25","13:20:29","0.7298869369461325","0.78","189547474.54291055","138348225.6","0.786","1.0686586654962507"
"2024-01-25","14:16:04","0.7277062954475597","0.775","188896782.75417066","137461378.0","0.786","1.064990099506221"
"2024-01-25","15:17:57","0.744439044432186","0.79","188224841.03702098","140121920.8","0.786","1.0612017275404533"
"2024-01-25","16:22:49","0.746404027783244","0.785","186541160.03837258","139235073.20000002","0.786","1.0517092228606841"
"2024-01-25","17:14:56","0.7513278248665334","0.785","185318669.9490783","139235073.20000002","0.786","1.0448168882064872"
"2024-01-25","18:21:36","0.7310064376391114","0.785","190470378.96092865","139235073.20000002","0.786","1.073861951934744"
"2024-01-25","19:13:17","0.7382396698859389","0.785","188604160.51810434","139235073.20000002","0.786","1.063340310771007"
"2024-01-25","20:15:52","0.7298593054713768","0.785","190769744.4647576","139235073.20000002","0.786","1.075549758857991"
"2024-01-25","21:13:28","0.7270841763539496","0.785","191497872.91233718","139235073.20000002","0.786","1.0796549086468588"
"2024-01-25","22:13:16","0.7306766751636221","0.785","190556340.35234636","139235073.20000002","0.786","1.074346597726297"
"2024-01-25","23:16:43","0.7297929520980261","0.785","190787089.4062812","139235073.20000002","0.786","1.0756475487235981"
"2024-01-26","01:09:45","0.7301573767982701","0.785","190691866.7459663","139235073.20000002","0.787","1.0751106883864052"
"2024-01-26","02:23:17","0.7187691085238924","0.785","193713212.69766524","139235073.20000002","0.787","1.092144877528367"
"2024-01-26","03:17:22","0.7206601865695615","0.785","193204891.56307843","139235073.20000002","0.787","1.0892789897783928"
"2024-01-26","04:20:20","0.7189288501714387","0.785","193670170.7920018","139235073.20000002","0.787","1.0919022095340947"
"2024-01-26","05:14:37","0.7181869045373542","0.785","193870247.87049446","139235073.20000002","0.787","1.0930302335513704"
"2024-01-26","06:20:36","0.716955369313716","0.785","194203264.46997476","139235073.20000002","0.787","1.094907763577275"
"2024-01-26","07:13:45","0.7217640002148334","0.785","192909417.97950107","139235073.20000002","0.787","1.0876131252962802"
"2024-01-26","08:19:02","0.7195264520371539","0.785","193509318.25479347","139235073.20000002","0.787","1.0909953314120344"
"2024-01-26","09:16:30","0.7195911005919905","0.785","193491933.24577615","139235073.20000002","0.787","1.0908973156480106"
"2024-01-26","10:17:01","0.7303181139012893","0.79","191864227.5644543","140121920.8","0.787","1.0817203968554139"
"2024-01-26","11:12:55","0.7062321985520228","0.79","198407720.70048612","140121920.8","0.787","1.1186122660786708"
"2024-01-26","12:28:16","0.7144770168740845","0.805","199841926.6510335","142782463.6","0.787","1.1266982435935637"
"2024-01-26","13:17:08","0.7143149319696036","0.805","199887272.69959387","142782463.6","0.787","1.1269539022239778"
"2024-01-26","14:14:17","0.7134620167264524","0.805","200126229.92198345","142782463.6","0.787","1.1283011304421608"
"2024-01-26","15:15:51","0.7069051813403163","0.805","201982482.75572065","142782463.6","0.787","1.1387665860274112"
"2024-01-26","16:19:38","0.7066288211909941","0.805","202061477.423672","142782463.6","0.787","1.1392119537994576"
"2024-01-26","17:13:05","0.7037028895586748","0.805","202901630.38771322","142782463.6","0.787","1.1439486919044108"
"2024-01-26","18:19:08","0.70767786561105","0.805","201761946.41429597","142782463.6","0.787","1.1375232137646647"
"2024-01-26","19:11:50","0.7069628420363486","0.805","201966008.8339676","142782463.6","0.787","1.1386737069253363"
"2024-01-26","20:15:45","0.7014323209536971","0.805","203558432.27450213","142782463.6","0.787","1.1476517063050187"
"2024-01-26","21:14:01","0.7141506472329731","0.805","199933255.1937336","142782463.6","0.787","1.1272131491010045"
"2024-01-26","22:14:29","0.7133536684113022","0.805","200156626.26083973","142782463.6","0.787","1.128472503397651"
"2024-01-26","23:16:06","0.7068485203314349","0.805","201998673.68053713","142782463.6","0.787","1.1388578696076819"
"2024-01-27","01:07:32","0.6996664829805521","0.805","204072178.77831197","142782463.6","0.787","1.15054818200056"
"2024-01-27","02:18:48","0.7022517515527062","0.805","203320907.75751343","142782463.6","0.787","1.1463125556043305"
"2024-01-27","03:15:15","0.7041187943085532","0.805","202781781.64554298","142782463.6","0.787","1.1432729910163988"
"2024-01-27","04:17:24","0.6968627225297396","0.805","204893243.65303037","142782463.6","0.787","1.1551773024645404"
"2024-01-27","05:13:42","0.6963054572756097","0.805","205057223.2460391","142782463.6","0.787","1.156101810762295"
"2024-01-27","06:18:05","0.7059125300628606","0.805","202266509.68680978","142782463.6","0.787","1.140367914886446"
"2024-01-27","07:14:43","0.7096501338978167","0.805","201201207.15789142","142782463.6","0.787","1.1343617954082044"
"2024-01-27","08:17:51","0.7119894211946565","0.805","200540147.57750672","142782463.6","0.787","1.1306347763556372"
"2024-01-27","09:13:44","0.7110126645565933","0.805","200815640.448603","142782463.6","0.787","1.1321879906344845"
"2024-01-27","10:15:18","0.7044727224634119","0.805","202679903.77358535","142782463.6","0.787","1.1426986089469338"
"2024-01-27","11:11:49","0.7053429192123051","0.805","202429853.21161652","142782463.6","0.787","1.1412888370652214"
"2024-01-27","12:25:35","0.7034521276548039","0.805","202973959.40220374","142782463.6","0.787","1.144356479073765"
"2024-01-27","13:15:21","0.7006941970487965","0.805","203772864.39844257","142782463.6","0.787","1.148860663311501"
"2024-01-27","14:13:21","0.702496497629291","0.805","203250071.8250508","142782463.6","0.787","1.1459131863527103"
"2024-01-27","15:13:34","0.7019874106793542","0.805","203397470.42161492","142782463.6","0.787","1.1467442118669258"
"2024-01-27","16:18:23","0.6985005814781025","0.805","204412805.63841042","142782463.6","0.787","1.152468618274495"
"2024-01-27","17:15:15","0.7024668711918298","0.805","203258643.86707705","142782463.6","0.787","1.1459615150735991"
"2024-01-27","18:17:21","0.7017954920554277","0.805","203453093.12520218","142782463.6","0.787","1.1470578097364315"
"2024-01-27","19:12:25","0.6960831799075529","0.805","205122703.3225584","142782463.6","0.787","1.1564709839805531"
"2024-01-27","20:15:11","0.6930159166021912","0.805","206030568.96593732","142782463.6","0.787","1.1615894826007158"
"2024-01-27","21:12:25","0.6951099785535245","0.805","205409889.08995435","142782463.6","0.787","1.1580901221921012"
"2024-01-27","22:13:55","0.6950572772419045","0.805","205425463.87915403","142782463.6","0.787","1.158177932032257"
"2024-01-27","23:15:07","0.695422379849423","0.805","205317613.7801549","142782463.6","0.787","1.1575698788616833"
"2024-01-28","01:13:04","0.6920734443522651","0.805","206311143.36952335","142782463.6","0.787","1.1631713462917606"
"2024-01-28","02:22:21","0.6955066939678578","0.805","205292723.76291257","142782463.6","0.787","1.157429550257071"
"2024-01-28","03:15:25","0.6938693342331723","0.805","205777163.73327786","142782463.6","0.787","1.1601607972625616"
"2024-01-28","04:18:27","0.686704328773417","0.805","207924222.43068764","142782463.6","0.787","1.1722658009712583"
"2024-01-28","05:14:52","0.6843148445756135","0.805","208650250.29312107","142782463.6","0.787","1.1763591077718487"
"2024-01-28","06:18:40","0.6916588550170284","0.805","206434808.95865166","142782463.6","0.787","1.1638685663616368"
"2024-01-28","07:13:51","0.6903868365208535","0.805","206815159.33811867","142782463.6","0.787","1.166012961742912"
"2024-01-28","08:19:02","0.6929467650300853","0.805","206051129.47428346","142782463.6","0.787","1.1617054016624924"
"2024-01-28","09:15:09","0.6882908383914292","0.805","207444957.32892492","142782463.6","0.787","1.1695637296020474"
"2024-01-28","10:16:15","0.6859385547079754","0.805","208156346.6873309","142782463.6","0.787","1.173574505288907"
"2024-01-28","11:11:21","0.684510194186662","0.805","208590704.43743318","142782463.6","0.787","1.176023391377691"
"2024-01-28","12:26:22","0.6967539628805193","0.805","204925226.41666642","142782463.6","0.787","1.1553576195992774"
"2024-01-28","13:17:14","0.6966387532985054","0.805","204959116.79323214","142782463.6","0.787","1.1555486917551119"
"2024-01-28","14:12:19","0.695155566445502","0.805","205396418.43059847","142782463.6","0.787","1.1580141753250415"
"2024-01-28","15:13:39","0.695506732754461","0.805","205292712.31427085","142782463.6","0.787","1.1574294857102327"
"2024-01-28","16:17:35","0.6890570701574925","0.805","207214278.44483957","142782463.6","0.787","1.168263174218657"
"2024-01-28","17:15:23","0.6876602295055498","0.805","207635191.73220944","142782463.6","0.787","1.170636261135563"
"2024-01-28","18:17:11","0.692546709901555","0.805","206170156.5520345","142782463.6","0.787","1.16237647004984"
"2024-01-28","19:11:09","0.6934458680916366","0.805","205902825.5412891","142782463.6","0.787","1.160869271909227"
"2024-01-28","20:14:48","0.7013601672821944","0.805","203579373.70935842","142782463.6","0.787","1.1477697730103709"
"2024-01-28","21:15:12","0.6955145779519882","0.805","205290396.67354947","142782463.6","0.787","1.1574164302499632"
"2024-01-28","22:14:01","0.69472997047015","0.805","205522245.57603833","142782463.6","0.787","1.1587235821354105"
"2024-01-28","23:16:27","0.7010245512049513","0.805","203676837.50102523","142782463.6","0.787","1.148319268727937"
"2024-01-29","01:08:48","0.6856871688132333","0.805","208232660.7440002","142782463.6","0.787","1.17400475991591"
"2024-01-29","02:20:49","0.6866616678400064","0.805","207937140.35202068","142782463.6","0.787","1.1723386315304944"
"2024-01-29","03:16:37","0.6807002623703784","0.805","209758202.6820347","142782463.6","0.787","1.1826056849115603"
"2024-01-29","04:18:31","0.6788384712653794","0.805","210333488.22120872","142782463.6","0.787","1.185849114443162"
"2024-01-29","05:15:44","0.6776599364976306","0.805","210699284.272207","142782463.6","0.787","1.1879114532880677"
"2024-01-29","06:20:09","0.6800250923652799","0.805","209966463.30118576","142782463.6","0.787","1.183779847299501"
"2024-01-29","07:14:24","0.6796900822090969","0.805","210069952.96434978","142782463.6","0.787","1.184363316562788"
"2024-01-29","08:19:17","0.6857073510864339","0.805","208226531.87803173","142782463.6","0.787","1.1739702056927916"
"2024-01-29","09:15:48","0.6904367911699031","0.805","206800195.7978859","142782463.6","0.787","1.165928598092197"
"2024-01-29","10:16:48","0.6856452036870465","0.805","208245405.6882328","142782463.6","0.787","1.174076615239376"
"2024-01-29","11:13:26","0.6827427592019535","0.805","209130688.9389732","142782463.6","0.787","1.1790677955207478"
"2024-01-29","12:28:41","0.6850064832746738","0.805","208439579.89627832","142782463.6","0.787","1.1751713591843644"
"2024-01-29","13:18:04","0.6882341114240833","0.805","207462055.75971347","142782463.6","0.787","1.1696601296531302"
"2024-01-29","14:14:14","0.6895044261856829","0.805","207079836.15111533","142782463.6","0.787","1.1675051956565894"
"2024-01-29","15:15:28","0.6930861482683034","0.805","206009691.51778072","142782463.6","0.787","1.1614717766490021"
"2024-01-29","16:18:48","0.6808920848653627","0.805","209699109.115409","142782463.6","0.787","1.1822725184992833"
"2024-01-29","17:15:05","0.6774109226433525","0.805","210776736.58234325","142782463.6","0.787","1.1883481253280905"
"2024-01-29","18:19:13","0.6759067542374574","0.805","211245800.851752","142782463.6","0.787","1.190992684942441"
"2024-01-29","19:12:55","0.6739518871812124","0.805","211858541.11512953","142782463.6","0.787","1.1944472822338896"
"2024-01-29","20:16:49","0.6757848845146933","0.805","211283896.50582004","142782463.6","0.787","1.191207466231064"
"2024-01-29","21:13:25","0.6758561370690409","0.805","211261621.76938894","142782463.6","0.787","1.1910818824417462"
"2024-01-29","22:15:31","0.6717200257610016","0.805","212562463.71133512","142782463.6","0.787","1.1984159607092308"
"2024-01-29","23:16:33","0.6688799316881652","0.805","213465013.42869687","142782463.6","0.787","1.2035044884188493"
"2024-01-30","01:08:04","0.6778090072491724","0.805","210652945.11129317","142782463.6","0.787","1.1876501955425778"
"2024-01-30","02:20:35","0.6744525805355006","0.805","211701263.69245094","142782463.6","0.787","1.1935605604190107"
"2024-01-30","03:15:53","0.6778951467077862","0.805","210626177.65214345","142782463.6","0.787","1.1874992820195005"
"2024-01-30","04:17:56","0.6802543242857297","0.805","209895708.85848066","142782463.6","0.787","1.1833809374828361"
"2024-01-30","05:15:04","0.6810395468817906","0.805","209653704.03781128","142782463.6","0.787","1.1820165270662697"
"2024-01-30","06:20:34","0.6799737168756432","0.805","209982327.3406209","142782463.6","0.787","1.1838692879172301"
"2024-01-30","07:15:48","0.6786969554135767","0.805","210377345.08915374","142782463.6","0.787","1.1860963771518"
"2024-01-30","08:18:58","0.67856832133022","0.81","211724164.95712662","143669311.20000002","0.787","1.193689676541531"
"2024-01-30","09:16:08","0.6806109166974017","0.815","212391772.23522168","144556158.79999998","0.787","1.19745361116849"
"2024-01-30","10:17:32","0.6776532874047967","0.815","213318759.73568365","144556158.79999998","0.787","1.2026799178104763"
"2024-01-30","11:13:34","0.6755469139053023","0.815","213983893.3825161","144556158.79999998","0.787","1.206429906234826"
"2024-01-30","12:28:10","0.6722615048236763","0.815","215029654.0301156","144556158.79999998","0.787","1.2123258496167526"
"2024-01-30","13:17:13","0.6838189442034018","0.815","211395370.11276746","144556158.79999998","0.787","1.1918359485483607"
"2024-01-30","14:14:28","0.6840493234554046","0.815","211324174.79749772","144556158.79999998","0.787","1.1914345531154267"
"2024-01-30","15:16:43","0.6811409052226755","0.815","212226512.4464113","144556158.79999998","0.787","1.196521885194318"
"2024-01-30","16:19:28","0.6772768028795308","0.815","213437339.33511466","144556158.79999998","0.787","1.203348463338654"
"2024-01-30","17:15:18","0.671764263074961","0.815","215188819.569387","144556158.79999998","0.787","1.21322321653341"
"2024-01-30","18:19:41","0.6725132718165145","0.815","214949153.95430297","144556158.79999998","0.787","1.2118719944345735"
"2024-01-30","19:12:36","0.6741330329796491","0.815","214432688.69508713","144556158.79999998","0.787","1.2089601905394294"
"2024-01-30","20:15:23","0.6719708100945444","0.815","215122675.908588","144556158.79999998","0.787","1.2128503020619776"
"2024-01-30","21:15:12","0.6745896316328329","0.815","214287549.0838841","144556158.79999998","0.787","1.20814190106555"
"2024-01-30","22:14:08","0.6760709040733027","0.815","213818044.7184672","144556158.79999998","0.787","1.2054948602131144"
"2024-01-30","23:16:59","0.6819298918888514","0.815","211980968.30687305","144556158.79999998","0.787","1.1951375202846186"
"2024-01-31","01:08:36","0.6966296364364306","0.815","207507908.41955683","144556158.79999998","0.788","1.1699186445312408"
"2024-01-31","02:21:13","0.7037022671575183","0.815","205422329.22441646","144556158.79999998","0.788","1.1581602590141558"
"2024-01-31","03:16:19","0.7007756296801585","0.815","206280231.0433897","144556158.79999998","0.788","1.1629970642272116"
"2024-01-31","04:18:16","0.70022045565693","0.815","206443781.5721634","144556158.79999998","0.788","1.163919153483436"
"2024-01-31","05:15:38","0.6983411357974928","0.815","206999346.57997698","144556158.79999998","0.788","1.1670513996992098"
"2024-01-31","06:20:01","0.699560066004609","0.815","206638665.9627418","144556158.79999998","0.788","1.1650179014000928"
"2024-01-31","07:14:55","0.7008306608342543","0.815","206264033.35139954","144556158.79999998","0.788","1.1629057424939726"
"2024-01-31","08:18:45","0.7031394575017108","0.815","205586754.1747908","144556158.79999998","0.788","1.159087278213251"
"2024-01-31","09:14:49","0.7132957736270129","0.815","202659491.53876436","144556158.79999998","0.788","1.1425835258434727"
"2024-01-31","10:16:29","0.7179525711250601","0.815","201344997.72523242","144556158.79999998","0.788","1.1351724790439328"
"2024-01-31","11:12:51","0.7102886279017776","0.805","201020342.98618212","142782463.6","0.788","1.1333420927461613"
"2024-01-31","12:28:33","0.7068381478132357","0.805","202001637.91630372","142782463.6","0.788","1.138874581812612"
"2024-01-31","13:17:05","0.715080686536943","0.805","199673220.5025418","142782463.6","0.788","1.1257470872252562"
"2024-01-31","14:14:00","0.7070961157529654","0.795","199419520.56948298","141008768.4","0.788","1.1243167403817915"
"2024-01-31","15:15:25","0.7085749697662906","0.795","199003315.692211","141008768.4","0.788","1.121970199232715"
"2024-01-31","16:18:43","0.6921562544845221","0.795","203723895.41580486","141008768.4","0.788","1.1485845787698183"
"2024-01-31","17:12:41","0.696672302390409","0.795","202403293.36500582","141008768.4","0.788","1.1411390940506905"
"2024-01-31","18:15:37","0.6959081431061743","0.795","202625547.34682328","141008768.4","0.788","1.1423921502793901"
"2024-01-31","19:11:44","0.6973828767135541","0.795","202197061.48293993","141008768.4","0.788","1.1399763695754486"
"2024-01-31","20:15:43","0.7097069053546398","0.795","198685918.561745","141008768.4","0.788","1.1201807309494043"
"2024-01-31","21:15:18","0.7181015655329043","0.795","196363265.54358253","141008768.4","0.788","1.1070857357204469"
"2024-01-31","22:15:19","0.726326430175403","0.795","194139663.02444386","141008768.4","0.788","1.0945491819814581"
"2024-01-31","23:15:59","0.7203292924835597","0.795","195755982.53658175","141008768.4","0.788","1.1036619061526567"
"2024-02-01","01:12:04","0.7229673498251141","0.795","195041682.63492125","141008768.4","0.788","1.0996347209764183"
"2024-02-01","02:24:50","0.7308912845636616","0.795","192927144.4031263","141008768.4","0.788","1.0877130659378584"
"2024-02-01","03:17:02","0.7278829279483048","0.795","193724516.65745708","141008768.4","0.788","1.0922086086575478"
"2024-02-01","04:19:47","0.7285526022773495","0.795","193546448.0659696","141008768.4","0.788","1.0912046673293674"
"2024-02-01","05:15:15","0.7255079584856202","0.795","194358678.97897753","141008768.4","0.788","1.0957839823830922"
"2024-02-01","06:20:50","0.7278509948126578","0.795","193733015.9674981","141008768.4","0.788","1.0922565273193392"
"2024-02-01","07:15:07","0.7265326503555595","0.795","194084558.11447895","141008768.4","0.788","1.0942385034050888"
"2024-02-01","08:19:25","0.7193549372667034","0.795","196021131.00910088","141008768.4","0.788","1.1051567992578482"
"2024-02-01","09:16:26","0.715288861263475","0.795","197135417.64221564","141008768.4","0.788","1.111439088532323"
"2024-02-01","10:17:04","0.7146749661685841","0.795","197304754.01420113","141008768.4","0.788","1.1123937980674534"
"2024-02-01","11:13:08","0.714541077384918","0.795","197341724.4478999","141008768.4","0.788","1.112602235422974"
"2024-02-01","12:28:32","0.7056682227733138","0.79","198566289.76335844","140121920.8","0.788","1.119506270092846"
"2024-02-01","13:17:15","0.7087675810692535","0.79","197697982.4452619","140121920.8","0.788","1.1146107992244771"
"2024-02-01","14:14:25","0.7071530587035526","0.79","198149352.64070016","140121920.8","0.788","1.117155600582897"
"2024-02-01","15:14:54","0.6915939811930241","0.79","202607201.06077954","140121920.8","0.788","1.1422887148861853"
"2024-02-01","16:19:41","0.6985788816021644","0.79","200581386.71274406","140121920.8","0.788","1.1308672804253181"
"2024-02-01","17:16:08","0.6994653440109709","0.79","200327181.32465792","140121920.8","0.788","1.1294340838530652"
"2024-02-01","19:13:21","0.7013207085948816","0.79","199797209.868134","140121920.8","0.788","1.126446132729761"
"2024-02-01","20:15:45","0.6982031162225192","0.79","200689337.449681","140121920.8","0.788","1.131475900987278"
"2024-02-01","21:14:30","0.6974996337173707","0.79","200891748.21958098","140121920.8","0.788","1.1326170822336386"
"2024-02-01","22:15:25","0.7002407331167663","0.79","200105355.448716","140121920.8","0.788","1.1281834412627154"
"2024-02-01","23:15:37","0.7019916105785372","0.79","199606261.22656986","140121920.8","0.788","1.125369574358491"
"2024-02-02","01:08:13","0.6928849273360104","0.79","202229714.1586524","140121920.8","0.786","1.1401604636391438"
"2024-02-02","02:20:41","0.6942674164478969","0.79","201827015.7584384","140121920.8","0.786","1.1378900712954425"
"2024-02-02","03:16:26","0.6960136020685982","0.79","201320664.40016177","140121920.8","0.786","1.135035289040427"
"2024-02-02","04:19:06","0.6996200206530531","0.79","200282891.66053975","140121920.8","0.786","1.129184381062427"
"2024-02-02","05:15:45","0.7022041589277829","0.79","199545842.92687252","140121920.8","0.786","1.1250289391710173"
"2024-02-02","06:19:27","0.6980413630372462","0.79","200735842.05714664","140121920.8","0.786","1.131738091511702"
"2024-02-02","07:14:03","0.6927197530345865","0.79","202277934.45497996","140121920.8","0.786","1.1404323271268928"
"2024-02-02","08:19:22","0.6932247396085934","0.79","202130583.04744753","140121920.8","0.786","1.1396015676619498"
"2024-02-02","09:16:17","0.6963934374666325","0.79","201210857.62918884","140121920.8","0.786","1.1344162042564518"
"2024-02-02","10:16:48","0.6976522523820121","0.79","200847801.06647417","140121920.8","0.786","1.1323693105020196"
"2024-02-02","11:13:12","0.6909805682449516","0.79","202787064.12236908","140121920.8","0.786","1.1433027733421677"
"2024-02-02","12:27:57","0.6773730275042937","0.78","204242300.74487728","138348225.6","0.786","1.1515073206765023"
"2024-02-02","13:16:51","0.6776046495121489","0.78","204172485.68115017","138348225.6","0.786","1.1511137070289763"
"2024-02-02","14:14:15","0.6837799676213636","0.78","202328573.73880973","138348225.6","0.786","1.1407178287386115"
"2024-02-02","15:15:50","0.6760324259383469","0.78","204647322.0688635","138348225.6","0.786","1.1537908095419298"
"2024-02-02","16:18:23","0.6669071906510694","0.78","207447494.2531918","138348225.6","0.786","1.1695780326472767"
"2024-02-02","17:16:04","0.667805804599001","0.78","207168348.41391402","138348225.6","0.786","1.1680042231264651"
"2024-02-02","18:20:07","0.674768268639093","0.78","205030722.44198403","138348225.6","0.786","1.1559524006265791"
"2024-02-02","19:13:57","0.6743156429175736","0.78","205168346.68317384","138348225.6","0.786","1.1567283188406545"
"2024-02-02","20:15:36","0.6764798114725481","0.78","204511979.89019996","138348225.6","0.786","1.1530277574760306"
"2024-02-02","21:13:13","0.6771583084998328","0.78","204307063.59712952","138348225.6","0.786","1.1518724502221662"
"2024-02-02","22:14:18","0.6760087747559749","0.78","204654481.96281305","138348225.6","0.786","1.153831176646433"
"2024-02-02","23:14:43","0.6730860134956826","0.78","205543159.159535","138348225.6","0.786","1.1588414918162657"
"2024-02-03","01:06:58","0.6715963554471234","0.78","205999071.43315724","138348225.6","0.79","1.1614119011719557"
"2024-02-03","02:18:14","0.6739867659207969","0.78","205268460.1469725","138348225.6","0.79","1.1572927532699673"
"2024-02-03","03:18:39","0.670125618806221","0.78","206451181.26726314","138348225.6","0.79","1.1639608725741781"
"2024-02-03","04:17:36","0.6705582009572026","0.78","206317998.0537288","138348225.6","0.79","1.163209992639822"
"2024-02-03","05:14:08","0.671407057861464","0.78","206057151.14264753","138348225.6","0.79","1.1617393515111702"
"2024-02-03","06:18:25","0.6671121613854326","0.78","207383755.84801778","138348225.6","0.79","1.1692186788802146"
"2024-02-03","07:13:51","0.6600663891190508","0.78","209597440.31906348","138348225.6","0.79","1.1816993151870936"
"2024-02-03","08:18:23","0.6605206634322487","0.78","209453289.29015517","138348225.6","0.79","1.180886599288058"
"2024-02-03","09:15:28","0.6620697311010411","0.78","208963224.11526492","138348225.6","0.79","1.1781236376761064"
"2024-02-03","10:14:37","0.6601974425863856","0.78","209555833.86995232","138348225.6","0.79","1.1814647402211627"
"2024-02-03","11:12:28","0.6605604280458407","0.78","209440680.5585985","138348225.6","0.79","1.1808155119244754"
"2024-02-03","12:26:47","0.6658311196460379","0.78","207782756.79506722","138348225.6","0.79","1.1714682251779631"
"2024-02-03","13:15:20","0.6663069234768582","0.78","207634380.98179245","138348225.6","0.79","1.1706316901674676"
"2024-02-03","14:12:43","0.6658959090999947","0.78","207762540.22492403","138348225.6","0.79","1.1713542452216368"
"2024-02-03","15:14:32","0.6689628428176033","0.78","206810030.01196805","138348225.6","0.79","1.165984042872575"
"2024-02-03","16:19:18","0.6652138573792837","0.78","207975561.64125162","138348225.6","0.79","1.1725552487329933"
"2024-02-03","17:13:46","0.6608736392823182","0.78","209341419.26169202","138348225.6","0.79","1.1802558819671611"
"2024-02-03","18:18:29","0.6634490840783961","0.78","208528776.23937175","138348225.6","0.79","1.1756742434628664"
"2024-02-03","19:11:31","0.6652398747969889","0.78","207967427.7526129","138348225.6","0.79","1.1725093902977968"
"2024-02-03","20:16:27","0.6633497350862799","0.78","208560007.31198823","138348225.6","0.79","1.1758503226032762"
"2024-02-03","21:12:31","0.6646667409077418","0.78","208146755.48690236","138348225.6","0.79","1.1735204306066924"
"2024-02-03","22:15:15","0.670182798634926","0.78","206433566.9041299","138348225.6","0.79","1.163861563723744"
"2024-02-03","23:15:43","0.6695265117107195","0.78","206635918.33952013","138348225.6","0.79","1.1650024104452676"
"2024-02-04","01:12:57","0.6768974218169325","0.78","204385806.68344814","138348225.6","0.789","1.1523163995902348"
"2024-02-04","02:24:05","0.6721174610428327","0.78","205839356.39068803","138348225.6","0.789","1.1605114361852478"
"2024-02-04","03:16:59","0.6735505132981167","0.78","205401410.68642676","138348225.6","0.789","1.1580423214001299"
"2024-02-04","04:17:31","0.6760009005566795","0.78","204656865.82084686","138348225.6","0.789","1.1538446167123126"
"2024-02-04","05:14:53","0.6793878125581295","0.78","203636602.0153809","138348225.6","0.789","1.148092423181733"
"2024-02-04","06:18:36","0.6839985011941139","0.78","202263930.92744187","138348225.6","0.789","1.1403533759771232"
"2024-02-04","07:15:36","0.6892021118680756","0.78","200736798.70917472","138348225.6","0.789","1.1317434850653862"
"2024-02-04","08:18:31","0.6910071842018994","0.78","200212427.25542668","138348225.6","0.789","1.1287871064624106"
"2024-02-04","09:14:30","0.6984360895169037","0.78","198082870.68283242","138348225.6","0.789","1.1167807788104316"
"2024-02-04","10:15:53","0.6916322179239324","0.78","200031493.63874185","138348225.6","0.789","1.127767012273258"
"2024-02-04","11:11:55","0.6918876180040353","0.78","199957654.97163892","138348225.6","0.789","1.127350713762088"
"2024-02-04","12:26:28","0.6882487016895806","0.78","201014873.34501204","138348225.6","0.789","1.1333112551976914"
"2024-02-04","13:17:59","0.6907408437732064","0.78","200289626.48895338","138348225.6","0.789","1.129222351669855"
"2024-02-04","14:12:59","0.6906779566206119","0.78","200307863.12758267","138348225.6","0.789","1.1293251688767194"
"2024-02-04","15:13:41","0.6856317403850406","0.78","201782119.25005937","138348225.6","0.789","1.1376369471488639"
"2024-02-04","16:17:55","0.6859906215721115","0.78","201676555.40675172","138348225.6","0.789","1.1370417837673108"
"2024-02-04","17:13:32","0.6817705041861701","0.78","202924920.85023004","138348225.6","0.789","1.1440800023038347"
"2024-02-04","18:20:27","0.6735498394620801","0.78","205401616.1751142","138348225.6","0.789","1.1580434799345132"
"2024-02-04","19:12:55","0.6812541359227271","0.78","203078731.27641824","138348225.6","0.789","1.1449471773753361"
"2024-02-04","20:15:20","0.6803908804429237","0.78","203336390.26722035","138348225.6","0.789","1.1463998451775725"
"2024-02-04","21:12:27","0.6757487220873174","0.78","204733240.44573367","138348225.6","0.789","1.1542752128197318"
"2024-02-04","22:14:26","0.6792789909915772","0.78","203669224.9204502","138348225.6","0.789","1.1482763494001123"
"2024-02-04","23:14:44","0.6858233778804064","0.78","201725735.8994915","138348225.6","0.789","1.137319060791795"
"2024-02-05","01:10:09","0.6869927906962243","0.78","201382354.3327037","138348225.6","0.792","1.1353830936268177"
"2024-02-05","02:27:39","0.6849439513396869","0.78","201984739.52416646","138348225.6","0.792","1.1387793095688958"
"2024-02-05","03:17:11","0.678501811279348","0.78","203902514.77610314","138348225.6","0.792","1.1495916253035083"
"2024-02-05","04:20:13","0.6739407446947907","0.78","205282477.26386407","138348225.6","0.792","1.157371781035795"
"2024-02-05","05:16:16","0.6774483194418559","0.78","204219601.1556778","138348225.6","0.792","1.1513793415896811"
"2024-02-05","06:20:21","0.6734323034509463","0.78","205437465.48991835","138348225.6","0.792","1.1582455964808291"
"2024-02-05","07:15:39","0.6708012605860126","0.78","206243240.3289446","138348225.6","0.792","1.1627885125299127"
"2024-02-05","08:19:42","0.6623685585997486","0.78","208868950.3808409","138348225.6","0.792","1.177592127333044"
"2024-02-05","09:16:00","0.6553073209369552","0.77","208412947.69105646","136574530.4","0.792","1.1750212082157998"
"2024-02-05","10:17:17","0.6475079993415284","0.765","209553678.00549978","135687682.8","0.792","1.181452585571071"
"2024-02-05","11:13:09","0.6515305826065766","0.765","208259882.8395049","135687682.8","0.792","1.174158236654781"
"2024-02-05","12:28:47","0.6475014078070009","0.765","209555811.2522963","135687682.8","0.792","1.1814646127040107"
"2024-02-05","13:16:57","0.6521761275931531","0.765","208053740.48380688","135687682.8","0.792","1.17299601692448"
"2024-02-05","14:14:26","0.6527966266154428","0.765","207855980.35869223","135687682.8","0.792","1.1718810557681625"
"2024-02-05","15:15:26","0.6565908356575635","0.765","206654853.26811075","135687682.8","0.792","1.1651091645741092"
"2024-02-05","16:19:13","0.6645175126371206","0.765","204189777.12344545","135687682.8","0.792","1.1512111952687556"
"2024-02-05","17:14:20","0.6650328749763554","0.765","204031541.75622407","135687682.8","0.792","1.1503190726130625"
"2024-02-05","18:21:08","0.6663189781779016","0.765","203637727.94082493","135687682.8","0.792","1.14809877109001"
"2024-02-05","19:13:57","0.6641003575665665","0.765","204318039.0644486","135687682.8","0.792","1.1519343293281088"
"2024-02-05","20:16:56","0.6685550221796043","0.765","202956642.75714335","135687682.8","0.792","1.1442588487421252"
"2024-02-05","21:14:20","0.6685436223732206","0.765","202960103.513262","135687682.8","0.792","1.1442783603026156"
"2024-02-05","22:16:18","0.6696246365502827","0.765","202632453.15916792","135687682.8","0.792","1.1424310848852042"
"2024-02-05","23:16:30","0.6707885379257659","0.765","202280860.70101595","135687682.8","0.792","1.1404488251477252"
"2024-02-06","01:08:07","0.6628848899540706","0.765","204692677.1998098","135687682.8","0.797","1.1540465193783565"
"2024-02-06","02:20:38","0.6596565332717429","0.765","205694442.41993734","135687682.8","0.797","1.1596944188603393"
"2024-02-06","03:16:55","0.6543956852270711","0.765","207348070.690468","135687682.8","0.797","1.1690174878438415"
"2024-02-06","04:18:05","0.6539878931280431","0.765","207477361.9294417","135687682.8","0.797","1.1697464250308716"
"2024-02-06","05:14:52","0.6581734985102532","0.765","206157925.08680934","135687682.8","0.797","1.1623075096939393"
"2024-02-06","06:19:52","0.6607281191070129","0.765","205360841.88967857","135687682.8","0.797","1.1578135966635"
"2024-02-06","07:14:10","0.6600394112758502","0.765","205575122.45778918","135687682.8","0.797","1.1590216992062063"
"2024-02-06","08:19:37","0.6531821374019301","0.765","207733302.90339175","135687682.8","0.797","1.1711894067446975"
"2024-02-06","09:15:48","0.6519219887729987","0.765","208134846.0962051","135687682.8","0.797","1.1734532860899949"
"2024-02-06","10:17:12","0.6573932928762948","0.765","206402596.84780976","135687682.8","0.797","1.1636869561794483"
"2024-02-06","11:13:18","0.6612355946893534","0.765","205203234.50486007","135687682.8","0.797","1.1569250145394772"
"2024-02-06","12:29:06","0.6669504501951617","0.765","203444922.72296292","135687682.8","0.797","1.1470117454394808"
"2024-02-06","13:19:03","0.6687394448050799","0.765","202900672.08395255","135687682.8","0.797","1.1439432890383452"
"2024-02-06","14:14:31","0.6655526441077049","0.765","203872201.54750368","135687682.8","0.797","1.1494207209192633"
"2024-02-06","15:15:48","0.6665839315119094","0.765","203556786.15330642","135687682.8","0.797","1.147642425560527"
"2024-02-06","16:19:24","0.6622737016490198","0.765","204881580.62466654","135687682.8","0.797","1.1551115469256867"
"2024-02-06","17:13:37","0.6654215238807634","0.765","203912374.2325982","135687682.8","0.797","1.1496472123992791"
"2024-02-06","18:17:29","0.6650732880756013","0.765","204019143.80385682","135687682.8","0.797","1.1502491736114346"
"2024-02-06","19:12:54","0.6653424076624425","0.765","203936621.56109002","135687682.8","0.797","1.1497839175586089"
"2024-02-06","20:16:05","0.6601062208633197","0.765","205554316.12588182","135687682.8","0.797","1.1589043942041555"
"2024-02-06","21:13:45","0.6621125509663753","0.765","204931446.4768253","135687682.8","0.797","1.155392687970432"
"2024-02-06","22:14:17","0.6645476247300457","0.765","204180524.84217274","135687682.8","0.797","1.1511590313948685"
"2024-02-06","23:15:16","0.6588573867049269","0.765","205943934.9668679","135687682.8","0.797","1.1611010446826935"
"2024-02-07","01:06:17","0.6634492964415653","0.765","204518542.00127408","135687682.8","0.794","1.153064754312207"
"2024-02-07","02:20:09","0.6589709576979341","0.765","205908441.3583488","135687682.8","0.794","1.1609009335896538"
"2024-02-07","03:17:00","0.6594059217500478","0.765","205772617.93447062","135687682.8","0.794","1.1601351682886136"
"2024-02-07","04:18:44","0.6644538326847831","0.765","204209346.27127096","135687682.8","0.794","1.151321525092197"
"2024-02-07","05:15:15","0.666092624888999","0.765","203706928.631152","135687682.8","0.794","1.1484889209327058"
"2024-02-07","06:19:35","0.6649258956599572","0.765","204064368.2035067","135687682.8","0.794","1.1505041463917065"
"2024-02-07","07:14:48","0.6632330473869273","0.765","204585225.86381373","135687682.8","0.794","1.153440714412565"
"2024-02-07","08:18:43","0.6699273777469682","0.775","205188476.49172983","137461378.0","0.794","1.1568418096397275"
"2024-02-07","09:16:01","0.6663167254898157","0.775","206300356.48429936","137461378.0","0.794","1.1631105304017249"
"2024-02-07","10:17:16","0.6658712845270548","0.775","206438363.0803873","137461378.0","0.794","1.163888604312552"
"2024-02-07","11:13:42","0.6682928648147138","0.775","205690327.15636066","137461378.0","0.794","1.1596712172213166"
"2024-02-07","12:27:57","0.6678877626055546","0.775","205815087.04956287","137461378.0","0.794","1.1603746069198522"
"2024-02-07","13:16:45","0.6632664512641075","0.775","207249104.39539775","137461378.0","0.794","1.1684595210913225"
"2024-02-07","14:13:46","0.6638498700602414","0.775","207066965.28768772","137461378.0","0.794","1.1674326304073424"
"2024-02-07","15:15:25","0.6634326370795617","0.775","207197189.76308826","137461378.0","0.794","1.1681668291321319"
"2024-02-07","16:20:59","0.6571330396916335","0.775","209183482.9435835","137461378.0","0.794","1.1793654453345959"
"2024-02-07","17:14:08","0.6383354727752004","0.775","215343473.55377054","137461378.0","0.794","1.2140951475415311"
"2024-02-07","18:19:18","0.6431330284009993","0.775","213737083.8219361","137461378.0","0.794","1.2050384069480264"
"2024-02-07","19:11:46","0.6424832104275849","0.775","213953260.98641056","137461378.0","0.794","1.2062572024010132"
"2024-02-07","20:15:16","0.6395121217814859","0.775","214947259.5094437","137461378.0","0.794","1.2118613136543623"
"2024-02-07","21:13:29","0.6361397206002344","0.775","216086770.79666916","137461378.0","0.794","1.218285818198466"
"2024-02-07","22:14:22","0.6363267947301493","0.775","216023243.3058143","137461378.0","0.794","1.2179276535552124"
"2024-02-07","23:15:52","0.6379025520503129","0.775","215489619.15605897","137461378.0","0.794","1.214919108740098"
"2024-02-08","01:07:02","0.6238641375056245","0.775","220338643.8425637","137461378.0","0.792","1.2422576542044186"
"2024-02-08","02:20:30","0.6232663100054002","0.775","220549989.2956014","137461378.0","0.792","1.2434492087231301"
"2024-02-08","03:17:04","0.6235460261749453","0.775","220451052.89698878","137461378.0","0.792","1.2428914105252626"
"2024-02-08","04:18:57","0.6251179599261161","0.775","219896702.40197042","137461378.0","0.792","1.2397660116685798"
"2024-02-08","05:16:17","0.6241982991977819","0.775","220220686.5617305","137461378.0","0.792","1.2415926172756768"
"2024-02-08","06:20:28","0.6277675190154707","0.775","218968605.15431097","137461378.0","0.792","1.2345334483304176"
"2024-02-08","07:15:34","0.631483067768311","0.775","217680227.73087895","137461378.0","0.792","1.227269644360987"
"2024-02-08","08:18:58","0.6408848041149539","0.79","218638232.48782584","140121920.8","0.792","1.2326708246593092"
"2024-02-08","09:15:47","0.6604268520373899","0.815","218882921.48335597","144556158.79999998","0.792","1.234050368312188"
"2024-02-08","10:16:04","0.6575848249576814","0.815","219828915.31796348","144556158.79999998","0.792","1.2393838316637689"
"2024-02-08","11:12:30","0.6580414400012701","0.815","219676376.00410238","144556158.79999998","0.792","1.238523823056534"
"2024-02-08","12:28:32","0.6599593793569551","0.815","219037964.0347732","144556158.79999998","0.792","1.2349244900407534"
"2024-02-08","13:17:25","0.6666150475470972","0.825","219511777.50703505","146329854.0","0.792","1.2375958254103356"
"2024-02-08","14:13:21","0.6701988535178114","0.835","220984486.05606866","148103549.2","0.792","1.245898878545021"
"2024-02-08","15:16:09","0.696936203455147","0.875","222686566.18867725","155198330.0","0.792","1.2554951165717607"
"2024-02-08","16:19:54","0.6916607748165603","0.88","225667239.32175615","156085177.6","0.792","1.2722999945072646"
"2024-02-08","17:15:22","0.718286432095887","0.895","221006152.01208252","158745720.4","0.792","1.246021030062451"
"2024-02-08","18:19:08","0.7093764506001587","0.895","223782055.72752696","158745720.4","0.792","1.261671428820053"
"2024-02-08","19:12:48","0.7049374384577412","0.895","225191218.0282312","158745720.4","0.792","1.2696162115578324"
"2024-02-08","20:15:40","0.7074864272194663","0.895","224379881.0726247","158745720.4","0.792","1.2650419365887933"
"2024-02-08","21:15:02","0.7066084538279339","0.895","224658677.00849238","158745720.4","0.792","1.2666137733726313"
"2024-02-08","22:14:17","0.712236087900243","0.895","222883567.8180831","158745720.4","0.792","1.256605801369272"
"2024-02-08","23:16:22","0.7064748498309794","0.895","224701163.018017","158745720.4","0.792","1.2668533072537886"
"2024-02-09","01:07:15","0.7010973904768034","0.895","226424634.5176666","158745720.4","0.793","1.2765701486798104"
"2024-02-09","02:20:03","0.7066831048314062","0.895","224634945.0194823","158745720.4","0.793","1.2664799736701229"
"2024-02-09","03:16:26","0.696575324667933","0.895","227894550.3498509","158745720.4","0.793","1.284857456624176"
"2024-02-09","04:18:13","0.7097343302742437","0.895","223669214.8436164","158745720.4","0.793","1.2610352378673426"
"2024-02-09","05:14:34","0.7086076540189864","0.895","224024845.7657029","158745720.4","0.793","1.2630402662515121"
"2024-02-09","06:19:42","0.7077896307672231","0.895","224283761.02080545","158745720.4","0.793","1.264500016805624"
"2024-02-09","07:13:50","0.7101884456439043","0.895","223526194.17240804","158745720.4","0.793","1.260228894865409"
"2024-02-09","08:18:32","0.7086894988045627","0.895","223998973.6940885","158745720.4","0.793","1.2628944008761398"
"2024-02-09","09:15:58","0.7440507477721049","0.94","224080614.52693665","166727348.79999998","0.793","1.2633546875863262"
"2024-02-09","10:16:08","0.7564510613616955","0.95","222752075.58923838","168501044.0","0.793","1.2558644551174203"
"2024-02-09","11:14:16","0.7608569887289449","0.955","222627765.93926296","169387891.6","0.793","1.2551636038664533"
"2024-02-09","12:27:40","0.7549669039652627","0.955","224364658.5172611","169387891.6","0.793","1.26495611262443"
"2024-02-09","13:16:25","0.7906678363791847","1.005","225450384.3438405","178256367.6","0.793","1.2710773775778414"
"2024-02-09","14:13:39","0.7768949869952413","0.99","226022599.88720402","175595824.8","0.793","1.2743034986349628"
"2024-02-09","15:15:05","0.7646813880662819","0.96","222674099.1180509","170274739.2","0.793","1.2554248278850328"
"2024-02-09","16:19:15","0.7592197548692752","0.965","225444063.72759774","171161586.79999998","0.793","1.2710417422767888"
"2024-02-09","17:13:33","0.7642571526175995","0.975","226278918.5651615","172935282.0","0.793","1.2757486098240638"
"2024-02-09","18:19:08","0.7623699868303744","0.975","226839047.95228738","172935282.0","0.793","1.2789065897696932"
"2024-02-09","19:13:28","0.7687003470421637","0.975","224970995.08986482","172935282.0","0.793","1.268374606245001"
"2024-02-09","20:15:39","0.7671864157142335","0.975","225414942.7802382","172935282.0","0.793","1.2708775599112982"
"2024-02-09","21:14:06","0.7705679221490861","0.975","224425747.5936576","172935282.0","0.793","1.2653005296155597"
"2024-02-09","22:16:08","0.7653662957962309","0.975","225951002.7418843","172935282.0","0.793","1.2738998377053976"
"2024-02-09","23:15:51","0.768147628372602","0.975","225132872.3963918","172935282.0","0.793","1.2692872619624376"
"2024-02-10","01:06:02","26.153487685566432","0.975","6612322","172935282.0","0.792","0.03727992272854998"
"2024-02-10","02:18:38","0.7604495059221589","0.975","227411919.73067307","172935282.0","0.792","1.2821364106452624"
"2024-02-10","03:16:27","0.7611303949100245","0.975","227208482.48406005","172935282.0","0.792","1.2809894421773258"
"2024-02-10","04:19:09","0.7598441482235091","0.975","227593095.77407032","172935282.0","0.792","1.2831578716234353"
"2024-02-10","05:13:35","0.7593091884991661","0.975","227753443.02341458","172935282.0","0.792","1.2840619009591647"
"2024-02-10","06:18:52","0.7621912427513993","0.975","226892244.75438583","172935282.0","0.792","1.2792065105345374"
"2024-02-10","07:13:54","0.763560045907213","0.975","226485504.2206005","172935282.0","0.792","1.2769133288549266"
"2024-02-10","08:17:36","0.7623592058281167","0.975","226842255.82630453","172935282.0","0.792","1.2789246755942314"
"2024-02-10","09:14:33","0.7654210872689655","0.975","225934828.3923504","172935282.0","0.792","1.2738086475756962"
"2024-02-10","10:15:43","0.7667042879612059","0.975","225556690.78082716","172935282.0","0.792","1.2716767276633953"
"2024-02-10","11:11:43","0.7725604426552778","0.975","223846928.28126717","172935282.0","0.792","1.262037176856921"
"2024-02-10","12:26:38","0.7622496011795726","0.975","226874873.70591548","172935282.0","0.792","1.2791085734793413"
"2024-02-10","13:17:13","0.7667641785782169","0.975","225539072.9398283","172935282.0","0.792","1.2715773992049384"
"2024-02-10","14:13:32","0.7543836760262431","0.975","229240487.95825747","172935282.0","0.792","1.292445781880999"
"2024-02-10","15:13:53","0.7547184949101722","0.975","229138789.05350405","172935282.0","0.792","1.291872408819193"
"2024-02-10","16:19:10","0.7584881614343109","0.975","227999975.2045927","172935282.0","0.792","1.2854518363955245"
"2024-02-10","17:14:14","0.7637704500749334","0.975","226423111.79102743","172935282.0","0.792","1.2765615636273213"
"2024-02-10","18:18:13","0.7620537189718372","0.975","226933190.79043964","172935282.0","0.792","1.2794373621264783"
"2024-02-10","19:11:20","0.7596901581317302","0.975","227639229.1632308","172935282.0","0.792","1.2834179692386314"
"2024-02-10","20:14:48","0.7601296372573085","0.975","227507616.49550095","172935282.0","0.792","1.2826759439586968"
"2024-02-10","21:13:51","0.7590856700112864","0.975","227820506.73862505","172935282.0","0.792","1.284440002648849"
"2024-02-10","22:13:16","0.7640576883033348","0.975","226337990.76614204","172935282.0","0.792","1.2760816557779602"
"2024-02-10","23:15:28","0.7673552907475765","0.975","225365334.78712603","172935282.0","0.792","1.270597872662259"
"2024-02-11","01:12:52","0.76444966202446","0.975","226221935.32275593","172935282.0","0.792","1.2754273413084498"
"2024-02-11","02:23:20","0.7633942782496703","0.975","226534684.5361618","172935282.0","0.792","1.277190604880488"
"2024-02-11","03:15:55","0.7638331924579647","0.975","226404513.0632589","172935282.0","0.792","1.2764567049809847"
"2024-02-11","04:18:52","0.7625431540870371","0.975","226787534.6767077","172935282.0","0.792","1.2786161606385793"
"2024-02-11","05:14:01","0.7622745621335484","0.975","226867444.60679278","172935282.0","0.792","1.2790666886102684"
"2024-02-11","06:19:53","0.7614852765063375","0.975","227102594.54184043","172935282.0","0.792","1.2803924515431988"
"2024-02-11","07:14:36","0.7603750516341286","0.975","227434187.41625375","172935282.0","0.792","1.2822619546822573"
"2024-02-11","08:18:31","0.7610509938258497","0.975","227232187.33431223","172935282.0","0.792","1.2811230888729486"
"2024-02-11","09:13:51","0.7606409569520337","0.975","227354680.83781525","172935282.0","0.792","1.2818137007858805"
"2024-02-11","10:16:04","0.7626487670648207","0.975","226756128.72957218","172935282.0","0.792","1.2784390955648535"
"2024-02-11","11:12:41","0.7654005485458906","0.975","225940891.11713177","172935282.0","0.792","1.2738428288982897"
"2024-02-11","12:26:19","0.7656428961675139","0.975","225869374.437667","172935282.0","0.792","1.2734396216309714"
"2024-02-11","13:16:34","0.767006698975045","0.975","225467759.5790158","172935282.0","0.792","1.2711753382374593"
"2024-02-11","14:13:41","0.7747748485594136","0.975","223207145.0454918","172935282.0","0.792","1.2584301127132318"
"2024-02-11","15:16:27","0.7787101779365392","0.975","222079134.06018603","172935282.0","0.792","1.2520704462648713"
"2024-02-11","16:18:57","0.7816915365537211","0.975","221232127.90869862","172935282.0","0.792","1.2472950702505066"
"2024-02-11","17:13:36","0.7754990511209059","0.975","222998702.25506973","172935282.0","0.792","1.2572549232532721"
"2024-02-11","18:18:56","0.7758796780116684","0.975","222889304.74784163","172935282.0","0.792","1.2566381458767077"
"2024-02-11","19:12:44","0.7773016921872056","0.975","222481545.7604204","172935282.0","0.792","1.2543392222092071"
"2024-02-11","20:15:41","0.775796852996352","0.975","222913100.68102735","172935282.0","0.792","1.2567723060931064"
"2024-02-11","21:13:42","0.7799273585526678","0.975","221732549.96583354","172935282.0","0.792","1.2501164234183728"
"2024-02-11","22:13:42","0.7833458690356617","0.975","220764912.2001397","172935282.0","0.792","1.2446609327247415"
"2024-02-11","23:15:51","0.7847385661662455","0.975","220373114.63466927","172935282.0","0.792","1.2424519987124578"
"2024-02-12","01:08:25","0.7827076468952563","0.975","220944924.56535637","172935282.0","0.792","1.2456758329467001"
"2024-02-12","02:21:49","0.7846265484147346","0.975","220404576.35469988","172935282.0","0.792","1.242629378230825"
"2024-02-12","03:16:24","0.7935957313913967","0.975","217913573.82529736","172935282.0","0.792","1.228585237335577"
"2024-02-12","04:19:07","0.7921902356049441","0.975","218300193.85172123","172935282.0","0.792","1.2307649806557588"
"2024-02-12","05:15:40","0.7921012100865523","0.975","218324728.9586939","172935282.0","0.792","1.2309033082949872"
"2024-02-12","06:20:11","0.796223574386174","0.975","217194375.50353813","172935282.0","0.792","1.2245304351251451"
"2024-02-12","07:14:26","0.7947931977003878","0.975","217585256.76913404","172935282.0","0.792","1.2267342030870583"
"2024-02-12","08:20:00","0.7915488431746786","0.975","218477082.6098431","172935282.0","0.792","1.2317622701456434"
"2024-02-12","09:16:34","0.7854368090259924","0.965","217918978.11900964","171161586.79999998","0.792","1.228615706458526"
"2024-02-12","10:18:40","0.768016595937366","0.94","217088210.96047914","166727348.79999998","0.792","1.2239318850300724"
"2024-02-12","11:12:58","0.7725610759386656","0.94","215811220.61763906","166727348.79999998","0.792","1.21673228082051"
"2024-02-12","12:29:04","0.7689374315242129","0.94","216828238.50766063","166727348.79999998","0.792","1.2224661740509903"
"2024-02-12","13:18:04","0.7690398019870448","0.94","216799375.49293277","166727348.79999998","0.792","1.2223034458960749"
"2024-02-12","14:14:28","0.7619531487453379","0.94","218815748.8088865","166727348.79999998","0.792","1.2336716523159474"
"2024-02-12","15:16:44","0.7623507930646657","0.955","222191533.2691624","169387891.6","0.792","1.2527041470775948"
"2024-02-12","16:20:48","0.7593808699433486","0.955","223060519.83194768","169387891.6","0.792","1.257603447491698"
"2024-02-12","17:13:44","0.7500764786759806","0.955","225827494.1496632","169387891.6","0.792","1.273203502775805"
"2024-02-12","18:18:54","0.7476155139852424","0.955","226570862.20303294","169387891.6","0.792","1.2773945726584417"
"2024-02-12","19:15:28","0.7447055619666821","0.955","227456192.4214262","169387891.6","0.792","1.2823860177409636"
"2024-02-12","20:15:59","0.7467264346433026","0.955","226840625.6180196","169387891.6","0.792","1.2789154845658917"
"2024-02-12","21:13:11","0.7424660471783154","0.955","228142272.9614984","169387891.6","0.792","1.2862541036447435"
"2024-02-12","22:14:12","0.7503699212601973","0.955","225739181.1701675","169387891.6","0.792","1.272705598854682"
"2024-02-12","23:14:58","0.7458597038747165","0.955","227104227.1355263","169387891.6","0.792","1.2804016560203033"
"2024-02-13","01:08:33","0.7411570283508803","0.955","228545213.92976388","169387891.6","0.792","1.288525863574327"
"2024-02-13","02:20:52","0.7475290823403878","0.955","226597059.0330412","169387891.6","0.792","1.2775422690045122"
"2024-02-13","03:17:43","0.7480282704754633","0.955","226445842.07002407","169387891.6","0.792","1.2766897157416002"
"2024-02-13","04:18:11","0.753267708507262","0.955","224870772.61771005","169387891.6","0.792","1.2678095572323251"
"2024-02-13","05:15:17","0.7506022190110199","0.955","225669318.9945301","169387891.6","0.792","1.2723117195926905"
"2024-02-13","06:21:46","0.74906351033782","0.955","226132883.6103734","169387891.6","0.792","1.2749252724502689"
"2024-02-13","07:14:35","0.7466993930336655","0.955","226848840.6181991","169387891.6","0.792","1.2789618003036773"
"2024-02-13","08:19:58","0.758594890554726","0.97","226798831.02585727","172048434.4","0.792","1.2786798488593603"
"2024-02-13","09:15:26","0.7542207339810214","0.97","228114166.91221493","172048434.4","0.792","1.2860956432210842"
"2024-02-13","10:16:08","0.7496301926971067","0.965","228328032.23169938","171161586.79999998","0.792","1.2873014046139346"
"2024-02-13","11:15:12","0.753542108556778","0.965","227142696.94605038","171161586.79999998","0.792","1.2806185467832938"
"2024-02-13","12:28:08","0.7525041418492892","0.965","227456006.26113242","171161586.79999998","0.792","1.2823849681790447"
"2024-02-13","13:18:17","0.7342949511205786","0.94","227057735.51290792","166727348.79999998","0.792","1.2801395387037633"
"2024-02-13","14:14:33","0.750040772925204","0.94","222291047.12501603","166727348.79999998","0.792","1.2532652009489345"
"2024-02-13","15:15:34","0.7400083370804407","0.93","222907831.35064757","164953653.6","0.792","1.2567425978863085"
"2024-02-13","16:20:28","0.7282503351304704","0.92","224071243.81311178","163179958.4","0.792","1.2633018559959557"
"2024-02-13","17:13:23","0.7422185329274645","0.925","221049190.6647579","164066806.0","0.792","1.2462636797165483"
"2024-02-13","18:20:42","0.7396859945960076","0.925","221806019.30905554","164066806.0","0.792","1.2505306397009788"
"2024-02-13","19:12:24","0.7386174102141047","0.925","222126914.05749777","164066806.0","0.792","1.2523398273699888"
"2024-02-13","20:18:26","0.7357480939939265","0.925","222993178.42521566","164066806.0","0.792","1.2572237801918598"
"2024-02-13","21:14:11","0.7331505202289182","0.925","223783249.78719503","164066806.0","0.792","1.2616781608654917"
"2024-02-13","22:16:54","0.7394885158457216","0.925","221865252.10924172","164066806.0","0.792","1.2508645911047271"
"2024-02-13","23:15:32","0.7385786772521732","0.925","222138562.96312034","164066806.0","0.792","1.252405503285572"
"2024-02-14","01:08:40","0.7402327430665371","0.925","221642189.61772212","164066806.0","0.793","1.2496069765409645"
"2024-02-14","02:20:58","0.7399664988476183","0.925","221721937.7573286","164066806.0","0.793","1.2500565923464675"
"2024-02-14","03:17:36","0.7335842080566353","0.925","223650951.31291795","164066806.0","0.793","1.2609322690444105"
"2024-02-14","04:19:00","0.7318382389689672","0.925","224184522.29435512","164066806.0","0.793","1.263940514099351"
"2024-02-14","05:15:29","0.7326892094369731","0.925","223924146.67342424","164066806.0","0.793","1.2624725300797128"
"2024-02-14","06:20:29","0.7287134149836402","0.925","225145856.55553406","164066806.0","0.793","1.2693604659669488"
"2024-02-14","07:15:37","0.725976125973151","0.925","225994767.77569368","164066806.0","0.793","1.274146582658022"
"2024-02-14","08:19:40","0.7261292989980155","0.925","225947095.4090346","164066806.0","0.793","1.2738778083688482"
"2024-02-14","09:15:53","0.7223612975685149","0.935","229581099.87096906","165840501.20000002","0.793","1.294366133882355"
"2024-02-14","10:16:33","0.7520129319304205","0.975","229963175.70772934","172935282.0","0.793","1.296520257300856"
"2024-02-14","11:15:24","0.7543541383270927","0.975","229249464.16216803","172935282.0","0.793","1.2924963892452774"
"2024-02-14","12:29:02","0.7554293598869005","0.98","230097132.61081597","173822129.6","0.793","1.2972754992561066"
"2024-02-14","13:16:48","0.760970883302571","0.985","229586940.88500842","174708977.2","0.793","1.2943990652114772"
"2024-02-14","14:15:01","0.7548531686452452","0.98","230272769.35455292","173822129.6","0.793","1.2982657299549152"
"2024-02-14","15:15:46","0.7703697903019454","0.98","225634665.0507552","173822129.6","0.793","1.2721163424851982"
"2024-02-14","16:19:40","0.7708500738031426","0.98","225494081.80298126","173822129.6","0.793","1.2713237415480476"
"2024-02-14","17:14:05","0.7731897440598716","0.98","224811737.2681293","173822129.6","0.793","1.2674767190446774"
"2024-02-14","18:20:27","0.7715464361478063","0.98","225290561.2108882","173822129.6","0.793","1.27017630318269"
"2024-02-14","19:12:22","0.7664251522378139","0.98","226795961.865908","173822129.6","0.793","1.2786636726868743"
"2024-02-14","20:15:59","0.7655108015545271","0.98","227066854.2455814","173822129.6","0.793","1.2801909496376909"
"2024-02-14","21:14:00","0.7665602406623697","0.98","226755994.3492552","173822129.6","0.793","1.278438337935713"
"2024-02-14","22:14:29","0.761174043439412","0.98","228360558.40077516","173822129.6","0.793","1.2874847854398836"
"2024-02-14","23:17:07","0.7599793981440133","0.98","228719528.48261467","173822129.6","0.793","1.2895086398306466"
"2024-02-15","01:08:16","0.7492758345276508","0.98","231986835.27486083","173822129.6","0.796","1.307929543220621"
"2024-02-15","02:21:46","0.7555342180590255","0.98","230065198.16739827","173822129.6","0.796","1.2970954545482125"
"2024-02-15","03:18:39","0.7593812248092876","0.98","228899693.48880598","173822129.6","0.796","1.2905244006343704"
"2024-02-15","04:19:06","0.7605120766756261","0.98","228559328.5511213","173822129.6","0.796","1.2886054410651915"
"2024-02-15","05:15:48","0.7632661066181554","0.98","227734636.83611363","173822129.6","0.796","1.2839558726669251"
"2024-02-15","06:20:09","0.766801722655842","0.98","226684584.11642784","173822129.6","0.796","1.2780357308089227"
"2024-02-15","07:13:43","0.7630481212298778","0.98","227799695.41086638","173822129.6","0.796","1.2843226694804517"
"2024-02-15","08:19:13","0.7639039763953953","0.98","227544475.44599503","173822129.6","0.796","1.2828837527777885"
"2024-02-15","09:18:17","0.7602560616314519","0.98","228636295.54888508","173822129.6","0.796","1.2890393769396515"
"2024-02-15","10:17:08","0.7580167490526177","0.98","229311726.70952964","173822129.6","0.796","1.2928474222038242"
"2024-02-15","11:13:38","0.7604284238366654","0.98","228584471.79419973","173822129.6","0.796","1.2887471973437135"
"2024-02-15","12:28:07","0.768829058616226","0.98","226086836.4065909","173822129.6","0.796","1.2746656607436888"
"2024-02-15","13:17:04","0.7612980537263768","0.975","227158444.91329256","172935282.0","0.796","1.2807073329921204"
"2024-02-15","14:14:14","0.7565070129375305","0.975","228597063.93003437","172935282.0","0.796","1.2888181911414902"
"2024-02-15","15:15:52","0.7538700960458675","0.975","229396659.8583294","172935282.0","0.796","1.2933262708177222"
"2024-02-15","16:19:38","0.7716902513628929","0.975","224099347.755886","172935282.0","0.796","1.2634603045432269"
"2024-02-15","17:14:59","0.7684067188348244","0.975","225056962.36262858","172935282.0","0.796","1.2688592851952725"
"2024-02-15","18:20:28","0.7666763144271177","0.975","225564920.61349535","172935282.0","0.796","1.2717231270259701"
"2024-02-15","19:13:18","0.7699504941850168","0.975","224605715.95976424","172935282.0","0.796","1.2663151817728562"
"2024-02-15","20:14:32","0.7727553694559495","0.975","223790463.10833573","172935282.0","0.796","1.261718829189681"
"2024-02-15","21:14:25","0.775672447322836","0.975","222948852.44006103","172935282.0","0.796","1.2569738726251334"
"2024-02-15","22:14:16","0.7807652415870344","0.975","221494596.3123057","172935282.0","0.796","1.248774853268508"
"2024-02-15","23:16:38","0.7732224565420736","0.975","223655276.09400207","172935282.0","0.796","1.2609566519320912"
"2024-02-16","01:07:57","0.7715094774763264","0.975","224151856.91002285","172935282.0","0.794","1.2637563483851275"
"2024-02-16","02:20:41","0.7656338819603462","0.975","225872033.71566138","172935282.0","0.794","1.2734546145000638"
"2024-02-16","03:17:38","0.7645095963863554","0.975","226204200.46709886","172935282.0","0.794","1.2753273531275209"
"2024-02-16","04:18:04","0.7651946007441239","0.975","226001701.83091557","172935282.0","0.794","1.2741856764956887"
"2024-02-16","05:15:21","0.7659818432146686","0.975","225769427.2154365","172935282.0","0.794","1.272876124462853"
"2024-02-16","06:19:50","0.762789265289353","0.975","226714362.49748418","172935282.0","0.794","1.2782036197509254"
"2024-02-16","07:14:46","0.7627763684111841","0.975","226718195.74092662","172935282.0","0.794","1.278225231375304"
"2024-02-16","08:19:14","0.7687192556661339","0.975","224965461.35057184","172935282.0","0.794","1.2683434073146944"
"2024-02-16","09:15:09","0.7756817089670116","0.975","222946190.42944923","172935282.0","0.794","1.2569588643496878"
"2024-02-16","10:16:59","0.7727000602700196","0.975","223806481.8314727","172935282.0","0.794","1.2618091419059638"
"2024-02-16","11:11:59","0.7682480242353313","0.975","225103451.67776975","172935282.0","0.794","1.2691213895023776"
"2024-02-16","12:28:26","0.7658419154032517","0.975","225810677.79365596","172935282.0","0.794","1.2731086930474635"
"2024-02-16","13:17:03","0.7626518703471115","0.975","226755206.0434739","172935282.0","0.794","1.27843389350929"
"2024-02-16","14:14:34","0.7700303362623063","0.975","224582427.2838656","172935282.0","0.794","1.2661838814462913"
"2024-02-16","15:16:29","0.7840459770034188","0.965","218305548.1697263","171161586.79999998","0.794","1.2307951680183062"
"2024-02-16","16:19:38","0.7624491011556963","0.96","223326040.9670664","170274739.2","0.794","1.2591004416489733"
"2024-02-16","17:13:26","0.7680184999436902","0.96","221706559.42856094","170274739.2","0.794","1.249969890139867"
"2024-02-16","18:19:39","0.7718458722999915","0.96","220607177.30160993","170274739.2","0.794","1.2437716316851393"
"2024-02-16","19:13:36","0.7696160679067942","0.96","221246341.26092786","170274739.2","0.794","1.2473752043808195"
"2024-02-16","20:15:43","0.771499827368512","0.96","220706127.4152005","170274739.2","0.794","1.244329507207329"
"2024-02-16","21:12:59","0.7692031004028173","0.96","221365123.3475662","170274739.2","0.794","1.2480448915211937"
"2024-02-16","22:14:30","0.7683550761821747","0.96","221609441.36149412","170274739.2","0.794","1.2494223435993632"
"2024-02-16","23:14:35","0.7654009140731013","0.96","222464771.16662747","170274739.2","0.794","1.2542446479340277"
"2024-02-17","01:07:25","0.7587711645776116","0.96","224408553.13049167","170274739.2","0.794","1.2652035881389974"
"2024-02-17","02:19:37","0.7555708709642572","0.96","225359057.29491118","170274739.2","0.794","1.2705624804922018"
"2024-02-17","03:16:36","0.7514220247245488","0.96","226603338.20055136","170274739.2","0.794","1.2775776706197963"
"2024-02-17","04:20:29","0.7485862379766881","0.96","227461754.6539809","170274739.2","0.794","1.2824173773147771"
"2024-02-17","05:14:01","0.7523059978166116","0.96","226337075.19836578","170274739.2","0.794","1.276076493855121"
"2024-02-17","06:19:23","0.7537867038605572","0.96","225892468.42366573","170274739.2","0.794","1.2735698243061475"
"2024-02-17","07:13:12","0.7556062860593086","0.96","225348494.7670683","170274739.2","0.794","1.270502929517249"
"2024-02-17","08:17:52","0.7547574045811517","0.96","225601945.9583745","170274739.2","0.794","1.27193187396783"
"2024-02-17","09:14:10","0.7613258595658023","0.96","223655530.75671265","170274739.2","0.794","1.2609580877070234"
"2024-02-17","10:15:03","0.7630594699319796","0.96","223147403.1967372","170274739.2","0.794","1.2580932913204996"
"2024-02-17","11:11:45","0.7588887697313647","0.96","224373776.4893724","170274739.2","0.794","1.265007519270348"
"2024-02-17","12:26:19","0.7597558157583232","0.96","224117717.38798252","170274739.2","0.794","1.2635638715602462"
"2024-02-17","13:15:28","0.7590716720996304","0.96","224319712.43112195","170274739.2","0.794","1.2647027089610545"
"2024-02-17","14:14:06","0.7695330795542646","0.96","221270201.01413697","170274739.2","0.794","1.2475097244111444"
"2024-02-17","15:15:02","0.774102767528214","0.96","219963997.47245952","170274739.2","0.794","1.2401454177271243"
"2024-02-17","16:18:53","0.7781434054510921","0.96","218821798.15080643","170274739.2","0.794","1.233705758186674"
"2024-02-17","17:14:59","0.7694622132639014","0.96","221290579.66047397","170274739.2","0.794","1.247624618144504"
"2024-02-17","18:18:07","0.7740908401346978","0.96","219967386.7350903","170274739.2","0.794","1.2401645262111003"
"2024-02-17","19:12:36","0.7744342239391458","0.96","219869853.2896707","170274739.2","0.794","1.239614637789349"
"2024-02-17","20:14:48","0.7693980376190721","0.96","221309037.55216333","170274739.2","0.794","1.2477286827644531"
"2024-02-17","21:13:03","0.76499411356117","0.96","222583071.13938934","170274739.2","0.794","1.254911616941791"
"2024-02-17","22:16:44","0.7640909704386252","0.96","222846160.71598655","170274739.2","0.794","1.2563949021003527"
"2024-02-17","23:14:23","0.7646887882106953","0.96","222671944.22770074","170274739.2","0.794","1.255412678726879"
"2024-02-18","01:12:04","0.7587810394128051","0.96","224405632.66020703","170274739.2","0.794","1.2651871226815465"
"2024-02-18","02:22:12","0.7611822783323818","0.96","223697718.7291359","170274739.2","0.794","1.2611959412707205"
"2024-02-18","03:15:56","0.7685426727709138","0.96","221555347.84566903","170274739.2","0.794","1.2491173672098173"
"2024-02-18","04:17:46","0.7622309971452478","0.96","223389943.25568354","170274739.2","0.794","1.2594607193822454"
"2024-02-18","05:13:47","0.7599658338818146","0.96","224055781.99516812","170274739.2","0.794","1.2632146830817839"
"2024-02-18","06:19:19","0.7538339701182376","0.96","225878304.70586604","170274739.2","0.794","1.273489970012131"
"2024-02-18","07:15:57","0.7561683584494294","0.96","225180989.5208509","170274739.2","0.794","1.2695585437726329"
"2024-02-18","08:18:51","0.7558951373569658","0.96","225262382.02216274","170274739.2","0.794","1.2700174304027136"
"2024-02-18","09:15:10","0.7496954791533704","0.96","227125204.74618694","170274739.2","0.794","1.2805199266829326"
"2024-02-18","10:16:16","0.7505737220451073","0.96","226859446.57914227","170274739.2","0.794","1.279021596152159"
"2024-02-18","11:11:58","0.753103791238283","0.96","226097307.14544344","170274739.2","0.794","1.2747246942171544"
"2024-02-18","12:26:33","0.7482054266825369","0.96","227577525.0053719","170274739.2","0.794","1.2830700844506537"
"2024-02-18","13:17:11","0.7555652205481976","0.96","225360742.61922452","170274739.2","0.794","1.2705719822618031"
"2024-02-18","14:13:08","0.754974642457913","0.96","225537030.81423977","170274739.2","0.794","1.271565885808564"
"2024-02-18","15:16:16","0.74972523337939","0.96","227116190.8643328","170274739.2","0.794","1.280469106892395"
"2024-02-18","16:18:55","0.7491396301576915","0.96","227293727.825022","170274739.2","0.794","1.2814700509141708"
"2024-02-18","17:14:34","0.746373895918475","0.96","228135978.6712031","170274739.2","0.794","1.2862186167679943"
"2024-02-18","18:17:59","0.7480602152646582","0.96","227621701.73661494","170274739.2","0.794","1.2833191505316976"
"2024-02-18","19:11:46","0.743813720414155","0.96","228921213.10318276","170274739.2","0.794","1.2906457270853682"
"2024-02-18","20:15:52","0.7459425632052706","0.96","228267895.6786426","170274739.2","0.794","1.2869623578991622"
"2024-02-18","21:12:33","0.7497358239755878","0.96","227112982.67313996","170274739.2","0.794","1.280451019279637"
"2024-02-18","22:16:01","0.7417962978734918","0.96","229543797.51978645","170274739.2","0.794","1.2941558251935645"
"2024-02-18","23:15:04","0.7399720169862813","0.96","230109700.490413","170274739.2","0.794","1.2973463562984948"
"2024-02-19","01:09:08","0.7486310811338385","0.96","227448129.6476638","170274739.2","0.793","1.2823405602476896"
"2024-02-19","02:22:19","0.7498797462496934","0.96","227069393.52820212","170274739.2","0.793","1.280205265979195"
"2024-02-19","03:16:45","0.7458041647914366","0.96","228310255.20971334","170274739.2","0.793","1.2872011787014666"
"2024-02-19","04:18:51","0.7505182332560894","0.96","226876219.19759464","170274739.2","0.793","1.2791161592904725"
"2024-02-19","05:15:23","0.7492232892491386","0.96","227268347.95892024","170274739.2","0.793","1.2813269605675217"
"2024-02-19","06:21:19","0.7415822802935255","0.96","229610042.91068494","170274739.2","0.793","1.294529313213933"
"2024-02-19","07:15:56","0.742767136343346","0.96","229243770.85160923","170274739.2","0.793","1.2924642906605894"
"2024-02-19","08:20:12","0.7349736674202676","0.955","230467973.35548863","169387891.6","0.793","1.2993662798179113"
"2024-02-19","09:16:15","0.739027810467392","0.95","228003657.79663002","168501044.0","0.793","1.2854725986552258"
"2024-02-19","10:17:09","0.7389681787557596","0.95","228022056.75989223","168501044.0","0.793","1.28557633103981"
"2024-02-19","11:13:14","0.735350223590344","0.95","229143935.22217816","168501044.0","0.793","1.2919014226467893"
"2024-02-19","12:29:20","0.7296338922706906","0.95","230939167.96492082","168501044.0","0.793","1.3020228501769686"
"2024-02-19","13:17:23","0.7315762053216278","0.95","230326031.34750772","168501044.0","0.793","1.2985660182623695"
"2024-02-19","14:15:19","0.7387559132116256","0.95","228087573.9694158","168501044.0","0.793","1.2859457136119883"
"2024-02-19","15:16:18","0.7381284202462395","0.95","228281474.30468547","168501044.0","0.793","1.2870389134767093"
"2024-02-19","16:21:00","0.7366708676870963","0.95","228733144.46251652","168501044.0","0.793","1.2895854060072809"
"2024-02-19","17:14:07","0.7428847546347991","0.95","226819897.6338326","168501044.0","0.793","1.2787986212841564"
"2024-02-19","18:20:14","0.7350244456975992","0.95","229245496.50872976","168501044.0","0.793","1.2924740198244307"
"2024-02-19","19:13:04","0.7404184321783589","0.95","227575431.2386025","168501044.0","0.793","1.2830582799040247"
"2024-02-19","20:15:52","0.7373491962514361","0.95","228522720.112305","168501044.0","0.793","1.288399044617728"
"2024-02-19","21:14:35","0.735136703063307","0.95","229210490.10049134","168501044.0","0.793","1.2922766555408807"
"2024-02-19","22:14:54","0.7264777921959573","0.95","231942456.8928174","168501044.0","0.793","1.307679340242999"
"2024-02-19","23:15:04","0.7244762922418868","0.95","232583240.89332816","168501044.0","0.793","1.31129204664549"
"2024-02-20","01:06:59","0.7381136709100474","0.95","228286035.93298694","168501044.0","0.794","1.287064631696511"
